-- MySQL dump 10.13  Distrib 8.0.21, for Linux (x86_64)
--
-- Host: localhost    Database: VK3
-- ------------------------------------------------------
-- Server version	8.0.21-0ubuntu0.20.04.4

/*!40101 SET @OLD_CHARACTER_SET_CLIENT=@@CHARACTER_SET_CLIENT */;
/*!40101 SET @OLD_CHARACTER_SET_RESULTS=@@CHARACTER_SET_RESULTS */;
/*!40101 SET @OLD_COLLATION_CONNECTION=@@COLLATION_CONNECTION */;
/*!50503 SET NAMES utf8mb4 */;
/*!40103 SET @OLD_TIME_ZONE=@@TIME_ZONE */;
/*!40103 SET TIME_ZONE='+00:00' */;
/*!40014 SET @OLD_UNIQUE_CHECKS=@@UNIQUE_CHECKS, UNIQUE_CHECKS=0 */;
/*!40014 SET @OLD_FOREIGN_KEY_CHECKS=@@FOREIGN_KEY_CHECKS, FOREIGN_KEY_CHECKS=0 */;
/*!40101 SET @OLD_SQL_MODE=@@SQL_MODE, SQL_MODE='NO_AUTO_VALUE_ON_ZERO' */;
/*!40111 SET @OLD_SQL_NOTES=@@SQL_NOTES, SQL_NOTES=0 */;

--
-- Table structure for table `communities`
--

DROP TABLE IF EXISTS `communities`;
/*!40101 SET @saved_cs_client     = @@character_set_client */;
/*!50503 SET character_set_client = utf8mb4 */;
CREATE TABLE `communities` (
  `group_id` int unsigned NOT NULL AUTO_INCREMENT COMMENT 'string identifier',
  `group_name` varchar(150) CHARACTER SET utf8 COLLATE utf8_unicode_ci NOT NULL COMMENT 'group name',
  `created_at` datetime DEFAULT CURRENT_TIMESTAMP COMMENT 'string creation time',
  `updated_at` datetime DEFAULT CURRENT_TIMESTAMP ON UPDATE CURRENT_TIMESTAMP COMMENT 'string update time',
  PRIMARY KEY (`group_id`),
  UNIQUE KEY `group_name` (`group_name`)
) ENGINE=InnoDB AUTO_INCREMENT=201 DEFAULT CHARSET=utf8 COLLATE=utf8_unicode_ci;
/*!40101 SET character_set_client = @saved_cs_client */;

--
-- Dumping data for table `communities`
--

LOCK TABLES `communities` WRITE;
/*!40000 ALTER TABLE `communities` DISABLE KEYS */;
INSERT INTO `communities` VALUES (1,'est','2020-03-20 12:12:10','2020-08-14 21:50:24'),(2,'from mars','2005-01-07 00:00:00','2020-09-09 10:46:50'),(3,' facebook','1978-08-22 00:00:00','2020-09-09 10:46:50'),(4,' company','1979-10-07 00:00:00','2020-09-09 10:46:50'),(5,' earth','1983-06-19 00:00:00','2020-09-09 10:46:50');
/*!40000 ALTER TABLE `communities` ENABLE KEYS */;
UNLOCK TABLES;

--
-- Table structure for table `communities_users`
--

DROP TABLE IF EXISTS `communities_users`;
/*!40101 SET @saved_cs_client     = @@character_set_client */;
/*!50503 SET character_set_client = utf8mb4 */;
CREATE TABLE `communities_users` (
  `id` int unsigned NOT NULL AUTO_INCREMENT COMMENT 'group identifier',
  `user_id` int unsigned NOT NULL COMMENT 'link on user',
  `communities_id` int unsigned NOT NULL COMMENT 'link on user',
  `created_at` datetime DEFAULT CURRENT_TIMESTAMP COMMENT 'string creation time',
  PRIMARY KEY (`id`,`user_id`) COMMENT 'composite primary key',
  KEY `communities_users_FK` (`user_id`),
  KEY `communities_users_FK_1` (`communities_id`),
  CONSTRAINT `communities_users_FK` FOREIGN KEY (`user_id`) REFERENCES `users` (`user_id`),
  CONSTRAINT `communities_users_FK_1` FOREIGN KEY (`communities_id`) REFERENCES `communities` (`group_id`)
) ENGINE=InnoDB AUTO_INCREMENT=101 DEFAULT CHARSET=utf8 COLLATE=utf8_unicode_ci;
/*!40101 SET character_set_client = @saved_cs_client */;

--
-- Dumping data for table `communities_users`
--

LOCK TABLES `communities_users` WRITE;
/*!40000 ALTER TABLE `communities_users` DISABLE KEYS */;
INSERT INTO `communities_users` VALUES (1,20,3,'2020-04-15 01:18:49'),(2,27,4,'2020-07-12 09:08:20'),(3,85,2,'2020-07-25 16:20:36'),(4,40,3,'2019-11-27 07:48:54'),(5,81,1,'2019-10-23 22:16:36'),(6,15,1,'2019-12-25 16:48:23'),(7,50,3,'2020-05-31 12:47:28'),(8,51,5,'2020-07-22 11:11:59'),(9,47,4,'2020-02-15 19:48:33'),(10,36,5,'2020-01-27 08:02:48'),(11,25,1,'2020-03-19 05:41:18'),(12,45,4,'2020-03-07 23:44:36'),(13,39,3,'2020-07-15 10:01:22'),(14,95,1,'2020-04-10 09:41:25'),(15,13,2,'2020-02-24 20:04:41'),(16,8,2,'2020-04-11 04:54:23'),(17,66,4,'2019-10-17 15:25:30'),(18,58,5,'2020-04-13 02:07:17'),(19,9,3,'2020-01-24 06:32:19'),(20,49,4,'2020-01-11 19:30:39'),(21,82,3,'2020-04-20 06:10:07'),(22,60,2,'2020-03-04 19:49:03'),(23,7,5,'2019-11-23 15:55:02'),(24,91,5,'2019-10-17 03:56:35'),(25,32,5,'2020-06-01 20:38:03'),(26,30,1,'2019-09-29 04:34:15'),(27,76,4,'2020-08-04 12:17:08'),(28,69,3,'2020-01-21 00:30:49'),(29,41,5,'2020-03-08 19:33:18'),(30,53,2,'2019-09-19 05:21:31'),(31,46,2,'2020-04-29 09:50:07'),(32,54,2,'2020-06-11 14:25:59'),(33,37,4,'2019-09-23 03:47:39'),(34,33,4,'2020-03-25 16:37:12'),(35,35,2,'2020-01-04 21:15:49'),(36,65,1,'2019-12-17 14:04:28'),(37,16,2,'2019-12-04 20:58:08'),(38,70,2,'2020-01-16 23:02:35'),(39,87,1,'2020-03-07 16:33:24'),(40,11,4,'2019-10-30 03:39:13'),(41,100,4,'2020-07-18 22:07:16'),(42,18,2,'2019-10-10 20:26:23'),(43,24,3,'2019-12-28 14:25:36'),(44,6,1,'2019-11-09 20:36:36'),(45,61,2,'2020-04-13 04:14:14'),(46,19,5,'2019-10-28 00:20:48'),(47,99,4,'2020-01-27 14:22:59'),(48,84,1,'2020-07-25 23:35:26'),(49,38,1,'2020-08-10 04:16:05'),(50,10,3,'2020-03-12 12:14:15'),(51,78,2,'2020-03-23 10:51:22'),(52,93,5,'2020-01-14 03:12:32'),(53,80,3,'2020-03-27 05:08:19'),(54,96,4,'2020-01-07 04:07:37'),(55,3,5,'2020-03-02 09:53:59'),(56,4,1,'2020-08-01 12:08:16'),(57,98,4,'2019-09-16 17:01:51'),(58,89,4,'2020-09-06 02:32:46'),(59,86,3,'2020-07-02 20:15:00'),(60,42,1,'2020-02-12 20:16:40'),(61,28,2,'2020-04-15 13:23:14'),(62,97,2,'2020-04-16 07:53:28'),(63,94,4,'2020-06-24 20:51:02'),(64,90,1,'2019-10-08 22:26:13'),(65,31,5,'2019-09-19 23:13:01'),(66,17,5,'2020-07-22 19:48:23'),(67,52,5,'2020-03-04 12:28:30'),(68,79,2,'2020-08-03 11:26:58'),(69,55,4,'2020-05-04 08:08:00'),(70,62,4,'2020-07-15 23:27:13'),(71,56,1,'2020-07-02 01:44:48'),(72,12,2,'2019-10-07 21:33:26'),(73,21,2,'2020-05-06 06:42:11'),(74,2,2,'2020-07-28 12:15:31'),(75,14,5,'2020-07-19 03:19:26'),(76,59,5,'2020-08-15 00:19:11'),(77,57,2,'2020-03-03 19:37:03'),(78,74,3,'2020-08-03 15:18:13'),(79,92,5,'2019-11-01 11:49:26'),(80,1,1,'2019-10-12 08:37:01'),(81,48,2,'2020-01-30 09:33:51'),(82,23,5,'2020-06-12 06:21:16'),(83,5,1,'2019-12-10 08:49:49'),(84,29,4,'2019-10-02 12:58:53'),(85,71,2,'2020-03-14 05:21:28'),(86,22,4,'2020-02-19 01:51:14'),(87,67,3,'2020-01-08 21:17:23'),(88,77,5,'2020-09-02 20:01:41'),(89,64,2,'2020-01-29 21:26:02'),(90,43,5,'2019-11-18 13:40:38'),(91,63,1,'2020-05-30 10:54:53'),(92,34,3,'2019-11-01 19:49:59'),(93,72,4,'2019-10-28 02:30:57'),(94,88,5,'2020-03-20 13:42:31'),(95,44,2,'2020-08-26 21:48:24'),(96,26,5,'2020-02-26 15:22:56'),(97,83,3,'2020-02-11 03:50:44'),(98,68,4,'2020-08-22 12:58:27'),(99,75,2,'2019-09-22 14:31:45'),(100,73,1,'2020-02-15 16:27:28');
/*!40000 ALTER TABLE `communities_users` ENABLE KEYS */;
UNLOCK TABLES;

--
-- Table structure for table `friendship`
--

DROP TABLE IF EXISTS `friendship`;
/*!40101 SET @saved_cs_client     = @@character_set_client */;
/*!50503 SET character_set_client = utf8mb4 */;
CREATE TABLE `friendship` (
  `user_id` int unsigned NOT NULL COMMENT 'link on friendship initilizer',
  `friend_id` int unsigned NOT NULL COMMENT 'link on friendship reciever',
  `status_id` int unsigned NOT NULL COMMENT 'link on friendship status',
  `requested_at` datetime DEFAULT CURRENT_TIMESTAMP COMMENT 'friendship time request',
  `confirmed_at` datetime DEFAULT NULL COMMENT 'friendship approval time',
  `created_at` datetime DEFAULT CURRENT_TIMESTAMP COMMENT 'string creation time',
  `updated_at` datetime DEFAULT CURRENT_TIMESTAMP ON UPDATE CURRENT_TIMESTAMP COMMENT 'string update time',
  KEY `friendship_FK` (`user_id`),
  KEY `friendship_FK_1` (`friend_id`),
  KEY `friendship_FK_2` (`status_id`),
  CONSTRAINT `friendship_FK` FOREIGN KEY (`user_id`) REFERENCES `users` (`user_id`),
  CONSTRAINT `friendship_FK_1` FOREIGN KEY (`friend_id`) REFERENCES `users` (`user_id`),
  CONSTRAINT `friendship_FK_2` FOREIGN KEY (`status_id`) REFERENCES `friendship_statuses` (`id`)
) ENGINE=InnoDB DEFAULT CHARSET=utf8 COLLATE=utf8_unicode_ci;
/*!40101 SET character_set_client = @saved_cs_client */;

--
-- Dumping data for table `friendship`
--

LOCK TABLES `friendship` WRITE;
/*!40000 ALTER TABLE `friendship` DISABLE KEYS */;
INSERT INTO `friendship` VALUES (16,27,4,'2020-08-28 23:06:12','2020-09-04 22:11:24','2020-09-06 05:20:47','2020-08-28 08:40:12'),(93,25,5,'2020-08-24 00:23:36','2020-08-08 23:20:07','2020-08-09 14:39:02','2020-08-31 06:58:21'),(78,49,2,'2020-08-12 17:24:43','2020-08-28 21:06:11','2020-08-26 02:21:46','2020-09-07 02:37:22'),(50,90,1,'2020-08-19 10:29:18','2020-09-04 08:45:57','2020-08-10 15:59:20','2020-08-23 10:03:26'),(75,63,4,'2020-08-13 19:43:10','2020-08-22 21:02:11','2020-09-01 15:29:45','2020-08-30 02:52:29'),(30,55,1,'2020-09-07 00:51:26','2020-08-25 11:36:34','2020-09-08 17:59:03','2020-08-09 02:04:19'),(95,15,5,'2020-09-04 20:44:36','2020-08-26 04:31:14','2020-09-07 04:34:02','2020-08-19 14:47:55'),(36,20,1,'2020-09-06 00:40:37','2020-08-26 04:40:33','2020-09-02 20:56:19','2020-09-07 04:57:11'),(25,11,2,'2020-08-10 01:53:42','2020-08-24 07:14:38','2020-08-14 17:23:06','2020-08-27 09:45:16'),(14,57,4,'2020-08-20 03:24:43','2020-08-27 00:51:40','2020-08-12 13:08:35','2020-09-03 11:49:28'),(83,37,2,'2020-09-01 01:23:26','2020-09-08 10:13:08','2020-08-17 03:39:20','2020-09-03 20:29:25'),(81,4,1,'2020-08-24 01:53:32','2020-09-06 03:16:28','2020-08-12 03:51:12','2020-08-26 13:29:55'),(1,53,1,'2020-08-24 12:36:03','2020-08-14 03:47:25','2020-08-17 07:48:35','2020-08-20 01:43:53'),(45,89,2,'2020-08-11 20:06:15','2020-09-07 21:55:08','2020-08-23 16:53:01','2020-09-01 14:32:50'),(73,14,4,'2020-08-28 09:06:33','2020-08-12 03:26:18','2020-09-07 04:38:29','2020-08-15 21:09:03'),(31,83,4,'2020-08-13 08:49:49','2020-08-21 04:51:37','2020-08-21 09:53:02','2020-08-12 02:16:26'),(87,25,3,'2020-08-24 12:11:33','2020-09-07 18:13:29','2020-08-26 15:54:44','2020-08-25 12:11:16'),(100,38,5,'2020-08-09 02:24:24','2020-08-24 09:38:56','2020-09-03 03:12:28','2020-08-20 21:49:00'),(9,87,5,'2020-08-30 10:52:43','2020-08-13 11:05:35','2020-08-16 07:57:11','2020-08-22 10:24:51'),(70,7,1,'2020-08-17 17:09:09','2020-08-31 01:25:25','2020-08-18 13:01:24','2020-08-17 09:40:10'),(15,5,1,'2020-08-29 19:58:19','2020-08-25 05:00:03','2020-08-27 17:38:02','2020-08-31 17:33:35'),(58,32,4,'2020-08-18 07:51:05','2020-08-21 17:34:02','2020-08-25 13:44:33','2020-08-29 07:30:55'),(82,64,2,'2020-08-22 21:54:30','2020-08-24 04:05:20','2020-08-19 09:12:20','2020-08-09 01:40:56'),(80,34,1,'2020-08-25 01:39:38','2020-08-14 17:53:03','2020-08-16 17:58:07','2020-08-11 11:03:05'),(44,1,3,'2020-09-07 17:06:51','2020-08-19 04:15:46','2020-08-09 11:06:15','2020-09-03 04:36:44'),(59,72,3,'2020-08-09 16:25:15','2020-08-26 22:06:08','2020-08-09 23:58:23','2020-08-19 14:20:41'),(85,88,5,'2020-08-13 19:10:47','2020-08-19 15:33:35','2020-09-04 08:21:43','2020-08-29 04:33:05'),(27,61,1,'2020-09-04 11:17:26','2020-08-21 20:18:42','2020-08-19 12:56:45','2020-09-02 10:57:25'),(52,93,3,'2020-08-27 12:57:13','2020-08-23 04:48:20','2020-08-22 00:07:23','2020-09-05 22:26:04'),(86,55,2,'2020-08-16 23:28:59','2020-09-05 00:52:24','2020-08-22 00:17:20','2020-08-16 08:25:12'),(91,22,1,'2020-09-06 22:56:22','2020-08-12 16:54:52','2020-08-28 02:37:54','2020-08-25 21:13:47'),(58,38,4,'2020-08-11 16:54:19','2020-08-12 17:02:14','2020-09-06 19:21:57','2020-08-09 07:22:28'),(56,78,3,'2020-08-28 19:29:19','2020-08-20 17:07:40','2020-08-13 08:14:26','2020-09-02 14:46:46'),(27,58,1,'2020-09-08 02:27:21','2020-09-06 05:08:45','2020-08-29 23:53:15','2020-08-30 18:50:04'),(78,59,4,'2020-08-24 21:53:42','2020-08-21 17:23:57','2020-08-18 00:18:31','2020-08-18 08:26:00'),(9,70,3,'2020-08-19 00:38:14','2020-08-24 03:35:50','2020-08-24 13:15:40','2020-08-11 23:22:49'),(30,19,4,'2020-08-15 17:14:23','2020-09-08 18:35:26','2020-08-29 01:21:05','2020-09-01 22:18:48'),(100,39,3,'2020-09-04 02:24:37','2020-08-28 23:49:20','2020-08-09 01:24:25','2020-08-22 17:19:26'),(63,78,1,'2020-08-09 13:31:41','2020-09-05 18:47:33','2020-09-05 11:19:17','2020-08-28 00:36:52'),(69,93,1,'2020-08-15 20:00:42','2020-08-29 10:19:07','2020-08-15 19:38:01','2020-08-31 10:24:54'),(70,49,2,'2020-08-18 11:32:44','2020-09-05 20:16:43','2020-08-26 09:23:00','2020-08-09 08:31:06'),(66,85,2,'2020-08-20 03:55:20','2020-09-06 15:36:59','2020-08-29 14:03:51','2020-09-04 08:10:03'),(79,77,2,'2020-08-20 05:00:22','2020-08-24 04:31:25','2020-08-14 19:11:05','2020-08-14 06:29:13'),(5,43,3,'2020-08-09 21:06:01','2020-08-21 05:34:36','2020-08-31 19:23:55','2020-08-28 20:01:59'),(94,7,1,'2020-08-29 11:06:29','2020-08-22 00:09:49','2020-09-07 00:35:08','2020-09-08 06:01:36'),(13,1,5,'2020-09-04 03:14:23','2020-08-12 21:12:51','2020-08-09 06:53:01','2020-08-28 12:53:11'),(56,69,2,'2020-09-04 10:33:19','2020-08-24 08:30:54','2020-08-20 12:32:32','2020-08-17 07:24:23'),(33,85,4,'2020-08-16 04:53:47','2020-08-23 19:05:34','2020-08-21 23:17:22','2020-09-04 03:05:59'),(56,48,3,'2020-08-14 21:40:34','2020-08-21 02:44:34','2020-08-12 17:19:24','2020-08-13 20:39:14'),(32,15,2,'2020-08-19 16:02:39','2020-08-29 22:29:11','2020-08-24 13:51:58','2020-08-30 20:13:24'),(91,17,5,'2020-08-26 13:16:06','2020-08-12 05:32:04','2020-08-17 15:51:02','2020-08-30 17:41:15'),(60,51,2,'2020-08-23 14:04:28','2020-08-20 06:55:39','2020-08-15 05:25:52','2020-08-15 05:48:38'),(40,41,4,'2020-09-01 01:22:23','2020-08-17 14:53:08','2020-08-23 02:02:49','2020-08-30 19:39:04'),(52,12,3,'2020-08-23 21:15:37','2020-08-24 00:29:58','2020-08-26 02:16:45','2020-08-28 21:21:44'),(66,53,5,'2020-08-13 06:31:26','2020-08-26 19:50:53','2020-08-27 10:28:04','2020-08-27 19:02:57'),(4,9,1,'2020-08-22 17:23:16','2020-08-27 13:57:05','2020-08-16 17:05:44','2020-08-16 18:33:53'),(25,17,4,'2020-08-26 19:24:53','2020-09-07 17:29:24','2020-08-10 18:28:14','2020-09-02 03:42:03'),(8,44,2,'2020-09-02 01:17:58','2020-09-07 13:08:17','2020-09-03 03:15:25','2020-08-19 02:20:34'),(16,80,4,'2020-08-11 08:10:55','2020-09-06 06:09:20','2020-08-21 10:37:57','2020-08-18 21:37:22'),(59,78,3,'2020-08-24 22:40:10','2020-09-05 02:27:36','2020-08-15 05:03:25','2020-08-12 02:37:47'),(97,14,1,'2020-09-06 11:56:14','2020-08-31 06:30:32','2020-08-26 15:25:06','2020-08-15 16:38:42'),(23,85,4,'2020-08-15 14:36:52','2020-08-28 07:55:08','2020-09-02 16:09:51','2020-08-29 13:50:30'),(42,52,3,'2020-08-25 12:45:28','2020-09-01 02:03:32','2020-09-07 03:45:49','2020-08-20 11:37:54'),(66,41,3,'2020-08-22 23:25:15','2020-08-20 07:24:53','2020-09-03 13:08:12','2020-08-14 08:19:14'),(39,19,4,'2020-08-28 17:26:39','2020-08-20 04:57:21','2020-08-24 04:48:07','2020-09-03 15:13:06'),(52,46,1,'2020-08-15 17:09:59','2020-08-12 22:13:45','2020-08-30 14:39:26','2020-08-18 03:44:53'),(100,53,4,'2020-08-12 20:15:55','2020-08-16 10:47:59','2020-08-25 05:22:22','2020-08-15 13:24:54'),(46,39,5,'2020-08-21 05:00:11','2020-09-02 19:03:55','2020-08-29 15:46:30','2020-09-01 21:49:24'),(97,55,3,'2020-08-30 19:25:58','2020-08-31 19:10:37','2020-08-13 11:28:41','2020-09-05 18:23:45'),(54,36,3,'2020-08-28 17:30:56','2020-09-08 14:05:22','2020-08-24 10:09:07','2020-08-24 22:45:01'),(22,63,2,'2020-08-18 21:37:11','2020-08-28 17:37:47','2020-08-29 17:47:27','2020-08-19 12:26:51'),(74,44,1,'2020-08-18 00:45:50','2020-08-19 12:29:44','2020-09-01 14:27:35','2020-08-24 08:02:30'),(11,31,1,'2020-08-28 22:40:24','2020-08-25 01:05:20','2020-08-17 01:47:47','2020-08-11 05:23:56'),(34,19,1,'2020-08-18 05:22:08','2020-09-07 18:07:42','2020-08-17 07:02:56','2020-08-24 20:19:35'),(3,31,3,'2020-08-10 15:27:17','2020-08-30 07:10:06','2020-08-10 04:20:59','2020-08-10 23:39:12'),(92,75,1,'2020-08-11 12:43:33','2020-09-07 12:10:18','2020-08-27 19:06:39','2020-08-30 04:19:42'),(15,55,2,'2020-08-12 11:43:38','2020-09-05 09:17:52','2020-08-24 13:45:38','2020-08-13 12:29:35'),(50,40,5,'2020-09-08 08:51:12','2020-08-19 13:19:08','2020-09-08 09:09:30','2020-08-20 20:16:05'),(26,48,1,'2020-08-15 20:52:24','2020-08-16 04:01:05','2020-08-10 09:05:17','2020-09-07 12:48:41'),(82,59,4,'2020-08-23 23:38:54','2020-08-23 04:10:03','2020-08-19 05:12:56','2020-08-14 05:57:20'),(77,34,3,'2020-08-10 19:02:14','2020-09-01 16:50:47','2020-08-12 21:18:06','2020-08-27 02:30:35'),(93,35,1,'2020-08-14 04:32:09','2020-08-23 23:48:38','2020-09-08 00:58:24','2020-08-16 06:21:19'),(45,25,5,'2020-08-22 20:47:12','2020-09-03 18:00:45','2020-09-05 04:11:02','2020-09-03 11:03:48'),(29,24,3,'2020-09-08 12:37:21','2020-09-03 03:28:24','2020-08-19 03:54:44','2020-08-15 12:54:55'),(27,8,5,'2020-09-08 15:20:29','2020-09-05 20:12:14','2020-08-26 19:05:01','2020-08-22 17:47:11'),(70,61,5,'2020-09-05 03:41:17','2020-08-24 16:34:57','2020-08-17 04:26:51','2020-08-27 05:00:01'),(73,93,5,'2020-09-05 01:52:32','2020-08-18 15:31:15','2020-08-23 02:07:57','2020-08-30 00:06:09'),(62,63,1,'2020-08-14 18:49:55','2020-08-28 20:44:00','2020-08-11 13:20:47','2020-08-13 00:18:42'),(69,32,2,'2020-08-30 11:30:24','2020-09-05 11:00:45','2020-08-28 01:15:09','2020-09-08 16:51:37'),(7,25,3,'2020-08-25 15:51:33','2020-08-17 04:34:51','2020-09-01 17:59:44','2020-08-16 05:56:45'),(81,77,1,'2020-08-12 08:31:29','2020-09-04 20:12:02','2020-08-19 11:56:55','2020-09-06 00:37:34'),(81,46,3,'2020-08-28 20:55:41','2020-09-07 16:40:25','2020-08-26 16:42:12','2020-08-31 07:13:39'),(68,61,1,'2020-08-13 23:53:20','2020-08-29 23:16:07','2020-08-20 19:15:35','2020-08-09 08:10:32'),(58,69,5,'2020-08-28 09:22:12','2020-09-03 00:51:07','2020-08-17 10:39:58','2020-08-10 11:58:11'),(42,95,4,'2020-08-25 19:18:23','2020-08-26 20:56:21','2020-08-12 14:50:20','2020-08-12 02:39:03'),(35,68,2,'2020-08-13 16:32:38','2020-08-14 04:47:08','2020-09-06 18:19:30','2020-09-08 12:51:08'),(15,98,2,'2020-09-05 13:04:36','2020-09-06 00:48:09','2020-08-27 13:51:41','2020-08-11 14:17:39'),(52,6,2,'2020-08-15 00:28:50','2020-08-19 02:50:54','2020-08-16 19:09:06','2020-08-24 02:57:34'),(76,20,4,'2020-08-24 15:43:45','2020-09-03 19:28:59','2020-08-27 03:58:40','2020-08-28 03:12:31'),(62,90,5,'2020-08-28 01:46:57','2020-08-30 01:38:05','2020-08-12 17:43:05','2020-08-30 00:59:16');
/*!40000 ALTER TABLE `friendship` ENABLE KEYS */;
UNLOCK TABLES;

--
-- Table structure for table `friendship_statuses`
--

DROP TABLE IF EXISTS `friendship_statuses`;
/*!40101 SET @saved_cs_client     = @@character_set_client */;
/*!50503 SET character_set_client = utf8mb4 */;
CREATE TABLE `friendship_statuses` (
  `id` int unsigned NOT NULL AUTO_INCREMENT COMMENT 'string identifier',
  `name` varchar(150) CHARACTER SET utf8 COLLATE utf8_unicode_ci NOT NULL COMMENT 'status name',
  `created_at` datetime DEFAULT CURRENT_TIMESTAMP COMMENT 'string creation time',
  `updated_at` datetime DEFAULT CURRENT_TIMESTAMP ON UPDATE CURRENT_TIMESTAMP COMMENT 'string update time',
  PRIMARY KEY (`id`),
  UNIQUE KEY `name` (`name`)
) ENGINE=InnoDB AUTO_INCREMENT=6 DEFAULT CHARSET=utf8 COLLATE=utf8_unicode_ci;
/*!40101 SET character_set_client = @saved_cs_client */;

--
-- Dumping data for table `friendship_statuses`
--

LOCK TABLES `friendship_statuses` WRITE;
/*!40000 ALTER TABLE `friendship_statuses` DISABLE KEYS */;
INSERT INTO `friendship_statuses` VALUES (1,'friend','2020-04-01 11:52:16','2020-08-27 19:07:05'),(2,' son','2020-01-27 15:12:27','2020-08-28 09:46:46'),(3,' family','2020-03-28 20:15:24','2020-08-29 08:25:40'),(4,' daughter','2019-09-17 08:11:08','2020-08-24 17:09:03'),(5,' mearried','2019-12-28 20:49:33','2020-08-24 21:42:51');
/*!40000 ALTER TABLE `friendship_statuses` ENABLE KEYS */;
UNLOCK TABLES;

--
-- Table structure for table `like_types`
--

DROP TABLE IF EXISTS `like_types`;
/*!40101 SET @saved_cs_client     = @@character_set_client */;
/*!50503 SET character_set_client = utf8mb4 */;
CREATE TABLE `like_types` (
  `id` int unsigned NOT NULL AUTO_INCREMENT COMMENT 'id',
  `like_type` varchar(255) CHARACTER SET utf8 COLLATE utf8_unicode_ci NOT NULL,
  `created_at` datetime DEFAULT CURRENT_TIMESTAMP,
  PRIMARY KEY (`id`),
  UNIQUE KEY `like_type` (`like_type`)
) ENGINE=InnoDB AUTO_INCREMENT=5 DEFAULT CHARSET=utf8 COLLATE=utf8_unicode_ci;
/*!40101 SET character_set_client = @saved_cs_client */;

--
-- Dumping data for table `like_types`
--

LOCK TABLES `like_types` WRITE;
/*!40000 ALTER TABLE `like_types` DISABLE KEYS */;
INSERT INTO `like_types` VALUES (1,'users','2013-03-12 17:21:49'),(2,' media','2010-10-01 23:51:34'),(3,' messages','2014-07-12 10:37:35'),(4,' posts','2015-01-05 16:43:36');
/*!40000 ALTER TABLE `like_types` ENABLE KEYS */;
UNLOCK TABLES;

--
-- Table structure for table `likes`
--

DROP TABLE IF EXISTS `likes`;
/*!40101 SET @saved_cs_client     = @@character_set_client */;
/*!50503 SET character_set_client = utf8mb4 */;
CREATE TABLE `likes` (
  `id` int unsigned NOT NULL AUTO_INCREMENT,
  `user_id` int unsigned NOT NULL,
  `to_like_id` int unsigned NOT NULL,
  `type_id` int unsigned NOT NULL,
  PRIMARY KEY (`id`),
  KEY `likes_FK` (`user_id`),
  KEY `likes_FK_1` (`to_like_id`),
  KEY `likes_FK_2` (`type_id`),
  CONSTRAINT `likes_FK` FOREIGN KEY (`user_id`) REFERENCES `users` (`user_id`),
  CONSTRAINT `likes_FK_1` FOREIGN KEY (`to_like_id`) REFERENCES `users` (`user_id`),
  CONSTRAINT `likes_FK_2` FOREIGN KEY (`type_id`) REFERENCES `like_types` (`id`)
) ENGINE=InnoDB AUTO_INCREMENT=101 DEFAULT CHARSET=utf8 COLLATE=utf8_unicode_ci;
/*!40101 SET character_set_client = @saved_cs_client */;

--
-- Dumping data for table `likes`
--

LOCK TABLES `likes` WRITE;
/*!40000 ALTER TABLE `likes` DISABLE KEYS */;
INSERT INTO `likes` VALUES (1,29,74,2),(2,2,100,3),(3,76,86,4),(4,4,24,1),(5,84,45,4),(6,99,53,3),(7,65,7,1),(8,26,84,1),(9,48,4,3),(10,2,27,1),(11,71,79,1),(12,79,16,2),(13,46,97,3),(14,87,6,3),(15,34,3,4),(16,82,75,2),(17,51,62,1),(18,5,63,2),(19,62,6,3),(20,7,26,1),(21,68,32,1),(22,3,98,1),(23,42,65,4),(24,79,80,1),(25,95,1,4),(26,44,39,2),(27,33,28,2),(28,64,12,2),(29,55,86,4),(30,91,34,2),(31,50,45,2),(32,37,24,4),(33,87,37,1),(34,45,59,3),(35,38,34,4),(36,77,49,4),(37,13,43,1),(38,16,66,4),(39,46,14,2),(40,53,77,1),(41,75,72,2),(42,77,69,4),(43,98,36,4),(44,39,13,3),(45,73,8,3),(46,79,7,3),(47,90,36,3),(48,17,17,4),(49,41,46,2),(50,64,1,1),(51,86,5,1),(52,51,65,4),(53,6,75,2),(54,73,41,2),(55,50,72,3),(56,91,55,4),(57,19,74,4),(58,18,99,4),(59,98,2,4),(60,15,68,1),(61,73,86,3),(62,39,31,1),(63,40,94,3),(64,74,47,2),(65,70,75,1),(66,31,67,1),(67,81,29,2),(68,8,31,2),(69,20,6,2),(70,41,46,3),(71,62,2,1),(72,8,68,1),(73,25,74,2),(74,57,62,1),(75,67,62,1),(76,83,2,3),(77,89,84,4),(78,16,12,1),(79,82,27,1),(80,65,45,1),(81,47,27,2),(82,16,47,2),(83,81,98,2),(84,13,91,4),(85,67,74,3),(86,91,42,3),(87,53,63,4),(88,46,61,2),(89,25,45,3),(90,29,28,4),(91,5,76,2),(92,44,47,1),(93,82,73,1),(94,43,85,1),(95,87,50,3),(96,31,35,2),(97,41,54,1),(98,82,43,1),(99,86,83,3),(100,25,27,4);
/*!40000 ALTER TABLE `likes` ENABLE KEYS */;
UNLOCK TABLES;

--
-- Table structure for table `media`
--

DROP TABLE IF EXISTS `media`;
/*!40101 SET @saved_cs_client     = @@character_set_client */;
/*!50503 SET character_set_client = utf8mb4 */;
CREATE TABLE `media` (
  `id` int unsigned NOT NULL AUTO_INCREMENT COMMENT 'string identifier',
  `user_id` int unsigned NOT NULL COMMENT 'link on user id who uploaded file',
  `filepath` varchar(255) CHARACTER SET utf8 COLLATE utf8_unicode_ci NOT NULL COMMENT 'path to file',
  `file_size` int NOT NULL COMMENT 'file size',
  `metadata` json DEFAULT NULL,
  `media_type_id` int unsigned NOT NULL COMMENT 'link on content mediatype',
  `created_at` datetime DEFAULT CURRENT_TIMESTAMP COMMENT 'string creation time',
  `updated_at` datetime DEFAULT CURRENT_TIMESTAMP ON UPDATE CURRENT_TIMESTAMP COMMENT 'string update time',
  PRIMARY KEY (`id`),
  KEY `media_FK` (`user_id`),
  KEY `media_FK_1` (`media_type_id`),
  CONSTRAINT `media_FK` FOREIGN KEY (`user_id`) REFERENCES `users` (`user_id`),
  CONSTRAINT `media_FK_1` FOREIGN KEY (`media_type_id`) REFERENCES `media_types` (`id`)
) ENGINE=InnoDB AUTO_INCREMENT=101 DEFAULT CHARSET=utf8 COLLATE=utf8_unicode_ci COMMENT='mediafiles';
/*!40101 SET character_set_client = @saved_cs_client */;

--
-- Dumping data for table `media`
--

LOCK TABLES `media` WRITE;
/*!40000 ALTER TABLE `media` DISABLE KEYS */;
INSERT INTO `media` VALUES (1,72,'assumendaOsinski.mpeg',68098,'{\"OWNER\": \"Laney Gerlach\"}',2,'1986-01-09 07:53:34','2020-08-31 14:55:32'),(2,72,'illoCruickshank.jpeg',91028081,'{\"OWNER\": \"Laney Gerlach\"}',2,'1995-02-20 23:57:57','2020-08-31 14:55:32'),(3,46,'possimusPredovic.mpeg',5448,'{\"OWNER\": \"Bria Terry\"}',2,'1997-09-22 19:51:43','2020-08-31 14:55:32'),(4,11,'earumHammes.jpeg',298625983,'{\"OWNER\": \"Lessie Bednar\"}',2,'2007-03-18 09:57:40','2020-08-31 14:55:32'),(5,19,'aliquamPredovic.avi',482953230,'{\"OWNER\": \"Chad Rippin\"}',3,'2006-07-26 23:23:37','2020-08-31 14:55:32'),(6,60,'rationeWolff.jpeg',534,'{\"OWNER\": \"Violette Von\"}',1,'1993-10-17 10:28:15','2020-08-31 14:55:32'),(7,45,'quiHand.avi',403,'{\"OWNER\": \"Richmond Lockman\"}',1,'2018-11-04 14:24:20','2020-08-31 14:55:32'),(8,41,'molestiasWolff.png',629726,'{\"OWNER\": \"Jessie Blanda\"}',1,'1987-12-31 06:23:52','2020-08-31 14:55:32'),(9,72,'quiaHamill.png',0,'{\"OWNER\": \"Laney Gerlach\"}',3,'1983-09-14 08:12:12','2020-08-31 14:55:32'),(10,35,'nonLesch.avi',24928,'{\"OWNER\": \"Geraldine Casper\"}',3,'1985-04-02 06:01:31','2020-08-31 14:55:32'),(11,59,'rationeLarson.jpeg',147264,'{\"OWNER\": \"Thaddeus Ortiz\"}',2,'2015-10-18 11:30:32','2020-08-31 14:55:32'),(12,91,'fugaVon.avi',2144,'{\"OWNER\": \"Tyree Wolff\"}',3,'1986-12-02 03:42:05','2020-08-31 14:55:32'),(13,75,'sitBartell.jpeg',446104,'{\"OWNER\": \"Asha Gusikowski\"}',3,'1984-06-20 15:50:29','2020-08-31 14:55:32'),(14,100,'exercitationemBlanda.jpeg',17905,'{\"OWNER\": \"Justice Larson\"}',1,'2013-10-29 13:21:21','2020-08-31 14:55:32'),(15,78,'etStrosin.jpeg',162985,'{\"OWNER\": \"Christina Veum\"}',1,'2003-03-17 08:59:20','2020-08-31 14:55:32'),(16,89,'deseruntBeier.avi',49835,'{\"OWNER\": \"Tracy Cartwright\"}',2,'1994-12-20 01:37:19','2020-08-31 14:55:32'),(17,12,'molestiasCole.png',151,'{\"OWNER\": \"Jaylon Strosin\"}',3,'1978-08-13 14:54:26','2020-08-31 14:55:32'),(18,89,'voluptatumTurcotte.mpeg',0,'{\"OWNER\": \"Tracy Cartwright\"}',2,'2012-10-16 13:36:23','2020-08-31 14:55:32'),(19,10,'autemGleichner.jpeg',2,'{\"OWNER\": \"Jarred Hyatt\"}',2,'2017-05-26 23:34:29','2020-08-31 14:55:32'),(20,84,'autemErnser.mpeg',52106,'{\"OWNER\": \"Darron Prosacco\"}',1,'1973-07-27 00:54:55','2020-08-31 14:55:32'),(21,90,'autGusikowski.mpeg',10837,'{\"OWNER\": \"Russel Brekke\"}',1,'2013-07-06 08:51:10','2020-08-31 14:55:32'),(22,95,'quiaWeissnat.mpeg',543,'{\"OWNER\": \"Ubaldo Lesch\"}',2,'2016-04-01 08:32:14','2020-08-31 14:55:32'),(23,7,'necessitatibusCruickshank.jpeg',4020208,'{\"OWNER\": \"Chadd Runte\"}',1,'1975-01-13 01:20:19','2020-08-31 14:55:32'),(24,49,'recusandaeFlatley.jpeg',303137087,'{\"OWNER\": \"Ramona Bernier\"}',2,'2020-08-04 21:25:28','2020-08-31 14:55:32'),(25,24,'sedFunk.jpeg',903281711,'{\"OWNER\": \"Nora Abshire\"}',2,'1978-05-22 20:43:15','2020-08-31 14:55:32'),(26,73,'suscipitO\'Hara.png',726936981,'{\"OWNER\": \"Candice Weissnat\"}',3,'1986-06-13 10:50:17','2020-08-31 14:55:32'),(27,90,'porroJones.mpeg',35932976,'{\"OWNER\": \"Russel Brekke\"}',1,'1997-06-01 08:12:35','2020-08-31 14:55:32'),(28,33,'velitBernier.mpeg',995,'{\"OWNER\": \"Joelle Batz\"}',1,'2015-06-28 22:24:22','2020-08-31 14:55:32'),(29,93,'remKreiger.mpeg',481,'{\"OWNER\": \"Dangelo O\'Connell\"}',2,'2011-03-01 10:36:07','2020-08-31 14:55:32'),(30,64,'nihilFrami.png',2,'{\"OWNER\": \"Kay Luettgen\"}',2,'1980-08-03 23:13:42','2020-08-31 14:55:32'),(31,41,'placeatKuvalis.png',0,'{\"OWNER\": \"Jessie Blanda\"}',1,'2004-01-16 03:58:29','2020-08-31 14:55:32'),(32,14,'cumqueRodriguez.avi',0,'{\"OWNER\": \"Boris Gleichner\"}',1,'1991-11-06 19:59:23','2020-08-31 14:55:32'),(33,46,'eosAbbott.jpeg',55935,'{\"OWNER\": \"Bria Terry\"}',3,'1994-10-21 00:56:28','2020-08-31 14:55:32'),(34,86,'utFunk.avi',895606722,'{\"OWNER\": \"Jeffery Weber\"}',3,'1990-09-06 19:58:57','2020-08-31 14:55:32'),(35,92,'quiaHomenick.jpeg',461477,'{\"OWNER\": \"Marlee Johnson\"}',3,'2009-07-21 08:40:18','2020-08-31 14:55:32'),(36,3,'autFrami.jpeg',58,'{\"OWNER\": \"Manuel Marquardt\"}',2,'2005-11-22 09:43:56','2020-08-31 14:55:32'),(37,38,'dictaBarrows.png',21,'{\"OWNER\": \"Conor Willms\"}',3,'1985-09-09 05:40:27','2020-08-31 14:55:32'),(38,81,'undeMurazik.avi',9627,'{\"OWNER\": \"Anne O\'Reilly\"}',1,'1982-07-27 22:39:33','2020-08-31 14:55:32'),(39,90,'magniBednar.mpeg',677195570,'{\"OWNER\": \"Russel Brekke\"}',3,'1972-08-11 00:29:34','2020-08-31 14:55:32'),(40,8,'illoOsinski.avi',287,'{\"OWNER\": \"Dorcas McCullough\"}',2,'1992-10-06 02:27:04','2020-08-31 14:55:32'),(41,67,'nemoGusikowski.avi',31,'{\"OWNER\": \"Reinhold Labadie\"}',3,'2019-11-27 16:35:15','2020-08-31 14:55:32'),(42,14,'fugitFunk.avi',3961,'{\"OWNER\": \"Boris Gleichner\"}',3,'2000-07-03 06:39:17','2020-08-31 14:55:32'),(43,65,'quodAbshire.mpeg',891,'{\"OWNER\": \"Isabella Beier\"}',3,'1985-12-09 08:32:54','2020-08-31 14:55:32'),(44,83,'providentConn.avi',95,'{\"OWNER\": \"Ebony Breitenberg\"}',2,'2008-07-13 19:00:14','2020-08-31 14:55:32'),(45,22,'assumendaWolff.mpeg',49,'{\"OWNER\": \"Domenica Fadel\"}',3,'1984-06-18 00:25:35','2020-08-31 14:55:32'),(46,58,'doloremBernier.jpeg',3,'{\"OWNER\": \"Crawford Kuvalis\"}',3,'1985-07-02 23:47:08','2020-08-31 14:55:32'),(47,23,'culpaKassulke.avi',2964165,'{\"OWNER\": \"Adrian Larson\"}',3,'2007-11-19 19:10:43','2020-08-31 14:55:32'),(48,42,'omnisVeum.avi',866,'{\"OWNER\": \"Loyal Reichert\"}',2,'2009-02-14 20:52:35','2020-08-31 14:55:32'),(49,38,'namMcCullough.mpeg',734155,'{\"OWNER\": \"Conor Willms\"}',3,'2003-02-06 13:03:04','2020-08-31 14:55:32'),(50,65,'sequiBoyle.jpeg',97342276,'{\"OWNER\": \"Isabella Beier\"}',2,'2004-06-12 11:56:56','2020-08-31 14:55:32'),(51,10,'eumO\'Connell.mpeg',3,'{\"OWNER\": \"Jarred Hyatt\"}',2,'1980-03-08 11:08:28','2020-08-31 14:55:32'),(52,56,'quaeratFadel.jpeg',856,'{\"OWNER\": \"Dortha Ritchie\"}',2,'1985-06-15 19:50:16','2020-08-31 14:55:32'),(53,47,'temporeFunk.mpeg',945,'{\"OWNER\": \"April Bradtke\"}',3,'2004-08-10 01:25:33','2020-08-31 14:55:32'),(54,69,'recusandaeBarrows.jpeg',0,'{\"OWNER\": \"Alphonso Jones\"}',1,'1999-06-15 14:56:47','2020-08-31 14:55:32'),(55,2,'velConn.mpeg',58,'{\"OWNER\": \"Haven Romaguera\"}',2,'1979-12-04 21:55:22','2020-08-31 14:55:32'),(56,4,'velitWolff.jpeg',598223,'{\"OWNER\": \"Jermain Langosh\"}',2,'1989-06-15 13:05:00','2020-08-31 14:55:32'),(57,14,'eligendiBarrows.mpeg',214001,'{\"OWNER\": \"Boris Gleichner\"}',3,'1993-07-09 20:15:04','2020-08-31 14:55:32'),(58,58,'itaqueLabadie.avi',9597935,'{\"OWNER\": \"Crawford Kuvalis\"}',2,'2002-03-16 23:22:17','2020-08-31 14:55:32'),(59,48,'autemLarkin.mpeg',649653,'{\"OWNER\": \"Forrest Kreiger\"}',2,'1991-07-15 00:23:06','2020-08-31 14:55:32'),(60,65,'accusantiumLabadie.avi',45265133,'{\"OWNER\": \"Isabella Beier\"}',3,'1981-11-14 07:00:24','2020-08-31 14:55:32'),(61,80,'suscipitOsinski.mpeg',0,'{\"OWNER\": \"Garry Flatley\"}',3,'2005-08-20 13:24:11','2020-08-31 14:55:32'),(62,5,'corporisO\'Connell.avi',9482,'{\"OWNER\": \"Brenda Barrows\"}',1,'2012-03-13 03:34:32','2020-08-31 14:55:32'),(63,83,'veritatisTromp.mpeg',7869647,'{\"OWNER\": \"Ebony Breitenberg\"}',3,'1981-12-23 23:35:38','2020-08-31 14:55:32'),(64,2,'etBatz.mpeg',65111449,'{\"OWNER\": \"Haven Romaguera\"}',1,'1984-11-12 10:10:44','2020-08-31 14:55:32'),(65,59,'sintHickle.png',404,'{\"OWNER\": \"Thaddeus Ortiz\"}',3,'1979-12-01 06:42:42','2020-08-31 14:55:32'),(66,89,'quibusdamOrn.png',52727305,'{\"OWNER\": \"Tracy Cartwright\"}',3,'2013-10-08 01:56:25','2020-08-31 14:55:32'),(67,67,'nonHudson.jpeg',318150,'{\"OWNER\": \"Reinhold Labadie\"}',3,'1998-04-16 14:04:47','2020-08-31 14:55:32'),(68,68,'doloremqueOrn.png',611,'{\"OWNER\": \"Rosemarie Conn\"}',3,'2001-12-21 20:00:34','2020-08-31 14:55:32'),(69,40,'inProsacco.avi',1,'{\"OWNER\": \"Erica Cruickshank\"}',1,'1991-05-16 15:00:02','2020-08-31 14:55:32'),(70,95,'suntWolff.jpeg',472520,'{\"OWNER\": \"Ubaldo Lesch\"}',3,'1985-04-01 17:22:08','2020-08-31 14:55:32'),(71,54,'etOrn.jpeg',616,'{\"OWNER\": \"Orville Hammes\"}',2,'2017-01-23 15:30:37','2020-08-31 14:55:32'),(72,85,'modiCartwright.avi',421127474,'{\"OWNER\": \"Sarah Becker\"}',2,'2018-07-30 22:33:07','2020-08-31 14:55:32'),(73,63,'illumErnser.png',243275,'{\"OWNER\": \"Keshaun Ratke\"}',1,'1972-05-21 19:53:28','2020-08-31 14:55:32'),(74,59,'nihilLangosh.jpeg',47918,'{\"OWNER\": \"Thaddeus Ortiz\"}',3,'2017-08-30 10:26:41','2020-08-31 14:55:32'),(75,4,'nullaCartwright.png',6,'{\"OWNER\": \"Jermain Langosh\"}',1,'2001-01-10 05:31:20','2020-08-31 14:55:32'),(76,44,'repellatBarrows.avi',14634,'{\"OWNER\": \"Cleveland Wyman\"}',3,'2001-05-04 00:54:28','2020-08-31 14:55:32'),(77,9,'quaeTerry.png',796741790,'{\"OWNER\": \"Verlie Tromp\"}',3,'1986-06-28 04:08:55','2020-08-31 14:55:32'),(78,9,'explicaboSwaniawski.png',255583,'{\"OWNER\": \"Verlie Tromp\"}',2,'2005-11-19 12:17:07','2020-08-31 14:55:32'),(79,20,'fugiatRunte.avi',346,'{\"OWNER\": \"Fanny Stokes\"}',3,'1974-07-08 06:48:57','2020-08-31 14:55:32'),(80,73,'odioJones.png',5514,'{\"OWNER\": \"Candice Weissnat\"}',2,'2002-09-04 15:13:21','2020-08-31 14:55:32'),(81,2,'similiqueOrn.png',9677,'{\"OWNER\": \"Haven Romaguera\"}',1,'1979-09-02 11:22:47','2020-08-31 14:55:32'),(82,92,'voluptatemHomenick.avi',79,'{\"OWNER\": \"Marlee Johnson\"}',1,'2005-12-15 07:26:16','2020-08-31 14:55:32'),(83,55,'enimConn.png',8494316,'{\"OWNER\": \"Ruthe Barton\"}',1,'1998-02-11 14:44:11','2020-08-31 14:55:32'),(84,99,'nonBecker.mpeg',2567227,'{\"OWNER\": \"Carolina Hudson\"}',2,'1990-07-25 03:28:53','2020-08-31 14:55:32'),(85,28,'autemBrekke.avi',23354,'{\"OWNER\": \"Roma Abbott\"}',2,'1977-06-01 09:41:22','2020-08-31 14:55:32'),(86,41,'quiBoyle.mpeg',473778247,'{\"OWNER\": \"Jessie Blanda\"}',3,'1987-08-02 10:10:52','2020-08-31 14:55:32'),(87,23,'accusantiumWolff.mpeg',6556,'{\"OWNER\": \"Adrian Larson\"}',2,'2009-03-19 14:23:27','2020-08-31 14:55:32'),(88,90,'illumHettinger.png',862961,'{\"OWNER\": \"Russel Brekke\"}',3,'1993-04-06 23:58:12','2020-08-31 14:55:32'),(89,79,'evenietBarrows.mpeg',18703,'{\"OWNER\": \"Cierra Bartoletti\"}',3,'2009-11-29 07:06:04','2020-08-31 14:55:32'),(90,25,'doloremHirthe.avi',63475,'{\"OWNER\": \"Randy Hand\"}',1,'1993-09-03 15:31:06','2020-08-31 14:55:32'),(91,90,'voluptasBatz.jpeg',0,'{\"OWNER\": \"Russel Brekke\"}',1,'1996-12-04 01:03:08','2020-08-31 14:55:32'),(92,73,'autemBlanda.avi',94643737,'{\"OWNER\": \"Candice Weissnat\"}',2,'1981-02-20 20:23:44','2020-08-31 14:55:32'),(93,95,'officiaWeber.png',99,'{\"OWNER\": \"Ubaldo Lesch\"}',1,'2018-05-05 04:50:31','2020-08-31 14:55:32'),(94,53,'debitisLangosh.png',337281,'{\"OWNER\": \"Donato Kassulke\"}',2,'2019-06-13 05:25:18','2020-08-31 14:55:32'),(95,81,'voluptateCruickshank.mpeg',45227463,'{\"OWNER\": \"Anne O\'Reilly\"}',3,'2008-02-06 07:01:11','2020-08-31 14:55:32'),(96,48,'veritatisAbshire.mpeg',987451,'{\"OWNER\": \"Forrest Kreiger\"}',2,'1990-01-09 13:43:16','2020-08-31 14:55:32'),(97,93,'etRodriguez.jpeg',8395583,'{\"OWNER\": \"Dangelo O\'Connell\"}',1,'1999-06-11 11:39:53','2020-08-31 14:55:32'),(98,22,'hicStamm.jpeg',8,'{\"OWNER\": \"Domenica Fadel\"}',1,'2019-04-27 08:14:09','2020-08-31 14:55:32'),(99,31,'inBahringer.png',2847,'{\"OWNER\": \"Felicia Hettinger\"}',2,'1983-12-18 13:36:17','2020-08-31 14:55:32'),(100,87,'inventoreAbshire.mpeg',0,'{\"OWNER\": \"Bradford Frami\"}',1,'1998-08-03 09:19:43','2020-08-31 14:55:32');
/*!40000 ALTER TABLE `media` ENABLE KEYS */;
UNLOCK TABLES;

--
-- Table structure for table `media_types`
--

DROP TABLE IF EXISTS `media_types`;
/*!40101 SET @saved_cs_client     = @@character_set_client */;
/*!50503 SET character_set_client = utf8mb4 */;
CREATE TABLE `media_types` (
  `id` int unsigned NOT NULL AUTO_INCREMENT COMMENT 'string identifier',
  `name` varchar(255) CHARACTER SET utf8 COLLATE utf8_unicode_ci NOT NULL COMMENT 'type name',
  `created_at` datetime DEFAULT CURRENT_TIMESTAMP COMMENT 'string creation time',
  `updated_at` datetime DEFAULT CURRENT_TIMESTAMP ON UPDATE CURRENT_TIMESTAMP COMMENT 'string update time',
  PRIMARY KEY (`id`),
  UNIQUE KEY `name` (`name`)
) ENGINE=InnoDB AUTO_INCREMENT=4 DEFAULT CHARSET=utf8 COLLATE=utf8_unicode_ci;
/*!40101 SET character_set_client = @saved_cs_client */;

--
-- Dumping data for table `media_types`
--

LOCK TABLES `media_types` WRITE;
/*!40000 ALTER TABLE `media_types` DISABLE KEYS */;
INSERT INTO `media_types` VALUES (1,'video','2020-08-12 09:52:09','2020-08-24 16:39:41'),(2,' photo','2020-04-07 04:11:59','2020-08-26 07:23:53'),(3,' music','2020-03-17 06:50:34','2020-08-29 13:27:13');
/*!40000 ALTER TABLE `media_types` ENABLE KEYS */;
UNLOCK TABLES;

--
-- Table structure for table `messages`
--

DROP TABLE IF EXISTS `messages`;
/*!40101 SET @saved_cs_client     = @@character_set_client */;
/*!50503 SET character_set_client = utf8mb4 */;
CREATE TABLE `messages` (
  `id` int unsigned NOT NULL AUTO_INCREMENT COMMENT 'string identifier',
  `from_user_id` int unsigned NOT NULL COMMENT 'Link on message sender',
  `to_user_id` int unsigned NOT NULL COMMENT 'Link on message recipient',
  `body` text CHARACTER SET utf8 COLLATE utf8_unicode_ci NOT NULL COMMENT 'message text',
  `is_important` tinyint(1) DEFAULT NULL COMMENT 'sign of importance',
  `is_delivered` tinyint(1) DEFAULT NULL COMMENT 'delivery sign',
  `created_at` datetime DEFAULT CURRENT_TIMESTAMP COMMENT 'string creation time',
  `updated_at` datetime DEFAULT CURRENT_TIMESTAMP ON UPDATE CURRENT_TIMESTAMP COMMENT 'string update time',
  PRIMARY KEY (`id`),
  KEY `messages_FK` (`from_user_id`),
  KEY `messages_FK_1` (`to_user_id`),
  CONSTRAINT `messages_FK` FOREIGN KEY (`from_user_id`) REFERENCES `users` (`user_id`),
  CONSTRAINT `messages_FK_1` FOREIGN KEY (`to_user_id`) REFERENCES `users` (`user_id`)
) ENGINE=InnoDB AUTO_INCREMENT=101 DEFAULT CHARSET=utf8 COLLATE=utf8_unicode_ci;
/*!40101 SET character_set_client = @saved_cs_client */;

--
-- Dumping data for table `messages`
--

LOCK TABLES `messages` WRITE;
/*!40000 ALTER TABLE `messages` DISABLE KEYS */;
INSERT INTO `messages` VALUES (1,52,90,'Cupiditate consequatur reprehenderit qui voluptatum. Ut et autem non laudantium natus rerum cumque consequatur. Soluta sit non mollitia aut rerum odio sed. Quia ut expedita quo sapiente sit excepturi et.',1,0,'2019-11-23 07:31:24','2020-08-25 03:01:42'),(2,6,30,'Cumque eaque qui quod cupiditate. Blanditiis qui sed debitis debitis tenetur. Voluptates architecto repudiandae et dicta voluptas et ut.',1,0,'2020-08-06 07:03:06','2020-08-31 04:25:42'),(3,47,3,'Corrupti quia laudantium odio officia ut numquam. Laborum ut cum velit sit.',0,0,'2019-11-28 05:41:23','2020-08-11 21:04:07'),(4,52,3,'Rerum quidem vero ipsum magni nesciunt facilis nobis ex. Quibusdam minus est soluta quam at. Voluptatem qui vel voluptatem deleniti.',1,1,'2020-06-25 01:10:27','2020-08-28 00:22:09'),(5,43,29,'Nihil est atque molestias quia. Deleniti qui a fugit deleniti maxime neque. Vel aspernatur et repellat quod est non odit.',0,1,'2019-09-26 09:59:36','2020-08-13 16:38:10'),(6,43,48,'Exercitationem accusantium esse sed rem. Eius hic expedita enim qui repellat a perferendis deserunt. Eveniet maxime quod aut iusto sint.',1,1,'2020-07-07 11:25:19','2020-09-08 08:37:01'),(7,57,63,'Et sit temporibus ut. Id commodi sint consectetur earum sit sed. Atque quo beatae sint tempore rem ut est. Consequatur quae sequi sint dolores facere earum.',0,1,'2019-12-29 22:42:02','2020-09-02 10:00:13'),(8,49,34,'Est repudiandae deleniti aut omnis voluptatem est dicta sit. Qui porro ab eum delectus perferendis aut. Dolores natus et inventore temporibus. Nostrum sapiente omnis et nulla aperiam similique rerum consequuntur.',0,0,'2019-12-06 19:21:38','2020-09-08 07:26:38'),(9,23,76,'Et dolor rerum sed adipisci iste distinctio rem. Mollitia est in enim natus. Tempora et quo ratione est. Fugit eius ullam itaque nisi sequi.',1,0,'2019-10-28 21:14:35','2020-08-10 18:53:35'),(10,81,84,'Et nisi molestiae consequuntur aut. Ut neque ullam vero voluptates omnis. Aut in deserunt nihil quis nulla. Molestiae repellat debitis sed dolor eum.',1,1,'2020-02-12 23:22:13','2020-08-19 22:21:12'),(11,85,59,'Similique ab quaerat ab qui. Architecto dicta aut fugiat est et sunt accusantium. Minus sint id vel quia sed temporibus rerum. Qui ratione provident quo enim.',1,0,'2020-02-28 17:08:41','2020-09-02 03:54:46'),(12,78,85,'Reiciendis eaque dolor eius ut illo rem maiores. Tenetur consequatur tempore dolore mollitia. Vel nisi iusto voluptas nemo ea.',0,0,'2020-07-29 09:26:19','2020-08-26 17:02:53'),(13,42,27,'Libero impedit accusamus totam vero nostrum praesentium perspiciatis ea. Quia repellat molestiae dolores alias sed. Suscipit aperiam esse aut corporis. Sit commodi eos quia perspiciatis possimus libero.',0,0,'2019-09-17 13:58:35','2020-08-14 18:38:44'),(14,61,88,'Minus corrupti soluta qui quam consequatur qui. Laborum et quam sunt. Debitis veniam et numquam unde delectus. Molestiae at laboriosam sed fugit eligendi amet sunt.',1,1,'2020-03-12 18:34:41','2020-08-22 06:56:14'),(15,74,20,'Asperiores eligendi est rerum amet. Et dolorum ut blanditiis asperiores sit velit nostrum.',0,0,'2020-03-14 16:12:43','2020-09-05 18:15:46'),(16,20,18,'Dolor voluptatem est est neque sit. Velit mollitia rerum enim odit aut reprehenderit nobis. In accusantium eum nihil illo architecto facere.',0,0,'2020-01-15 09:43:09','2020-08-31 08:46:02'),(17,19,60,'Doloribus nobis exercitationem voluptatem modi doloremque voluptatem. Ducimus dolores ea molestiae et quibusdam eum accusantium. Ipsum quidem saepe et qui atque. Et hic dolor autem ut animi aut voluptatibus.',1,1,'2020-05-26 18:11:18','2020-08-21 19:18:58'),(18,47,48,'Quaerat vel placeat earum et. Eaque illo at excepturi rerum cupiditate. Aliquam modi rerum voluptatem natus. A doloribus veniam reiciendis vero quia ipsa quae ipsa. Sequi sed quos qui quibusdam ratione.',1,1,'2020-04-07 12:08:01','2020-08-11 10:59:14'),(19,6,28,'Voluptatem est delectus vel officiis sit ea expedita. Et dolor vitae consequatur aperiam. Odit qui est voluptatibus qui recusandae facere consequuntur. Maxime molestias rerum aliquid.',0,0,'2019-12-20 13:58:11','2020-09-08 09:34:26'),(20,2,56,'Officia incidunt sapiente beatae voluptas. Labore nostrum dicta at ratione. Sit quisquam voluptatem ullam perferendis sit doloribus voluptate ad.',0,0,'2019-10-31 14:54:05','2020-09-03 08:06:33'),(21,10,87,'Tempora ut dolor ea ut alias. Culpa tempora tempora est aperiam eveniet itaque. Quasi libero iure qui velit enim soluta. Eos ut modi deserunt et iure voluptate.',1,1,'2019-09-13 18:00:13','2020-08-09 10:20:35'),(22,18,40,'Iusto et aut nihil provident. Deleniti doloribus laboriosam nam rem distinctio voluptates. Assumenda distinctio eum neque magnam sunt.',1,0,'2019-11-07 20:10:54','2020-08-23 15:41:59'),(23,45,10,'Ducimus accusantium quasi voluptate. Consequatur earum recusandae nemo odit voluptatem vitae vel labore. Illo corporis hic accusantium molestiae.',0,1,'2019-11-08 05:44:26','2020-08-14 13:45:08'),(24,42,47,'Sed et earum aut eos dolore enim. Consequatur neque maiores cupiditate. Nihil cum eligendi rem distinctio. Doloribus expedita culpa quos voluptatem.',0,1,'2020-04-26 05:09:49','2020-08-28 03:16:23'),(25,39,25,'Veniam consequuntur ipsam aliquam tenetur aut. Minima accusamus quos mollitia rerum suscipit deleniti magni. Dolore doloremque sunt tenetur eaque minima.',1,1,'2020-04-17 19:27:10','2020-08-16 18:48:00'),(26,64,73,'Quos quis sint sunt delectus nihil. Dolorem vel labore nobis. Quas quibusdam et ut et incidunt neque voluptas omnis.',1,0,'2020-03-25 19:51:54','2020-09-02 12:46:57'),(27,82,60,'Quisquam architecto ullam recusandae est commodi aliquam numquam. Sit ut aliquam est voluptatibus enim.',0,0,'2020-08-05 02:12:31','2020-08-17 16:24:10'),(28,59,50,'Ex autem dolores fugiat ipsam. Tenetur numquam eveniet eius qui eius. Nobis voluptates exercitationem et aut quaerat magnam nam. Sapiente ea sed impedit distinctio dolor qui nihil quia.',1,0,'2020-03-20 07:51:53','2020-09-02 21:46:11'),(29,100,55,'Cupiditate ducimus et quod architecto magnam esse ea. Excepturi quia dolores perspiciatis ut error doloremque temporibus. Quibusdam vero corrupti est asperiores ducimus voluptatem esse. Iste numquam minus autem iusto rerum a quia.',1,1,'2020-06-24 18:56:11','2020-08-11 20:27:32'),(30,22,86,'Omnis ut pariatur ut adipisci. Qui tenetur nisi voluptas aut. Veniam et est dolorem provident et id enim. Dolorem deserunt dolorem est ipsa impedit repudiandae.',1,0,'2020-08-25 08:39:16','2020-08-29 06:13:34'),(31,58,59,'Eaque et enim omnis aliquam ut. Ut est provident et dicta.',0,1,'2020-05-20 13:26:07','2020-08-13 13:55:28'),(32,1,100,'Totam velit molestias accusantium ut id. Doloribus praesentium voluptates error temporibus. Nemo rerum omnis suscipit ipsa praesentium et.',0,0,'2019-11-22 00:03:03','2020-08-12 03:59:09'),(33,94,43,'Neque rerum vel explicabo. Eveniet non sequi omnis libero.',0,0,'2020-02-15 21:42:36','2020-09-03 04:49:00'),(34,69,82,'Blanditiis unde quis laborum iusto error. Eos quas quo enim enim ut.',1,1,'2019-10-18 12:10:43','2020-08-20 04:48:03'),(35,47,57,'Eligendi sit voluptatem laborum eum eveniet doloremque. Quis voluptate aut voluptatem voluptas. Qui ut aut est aut excepturi.',0,1,'2020-08-24 14:35:40','2020-08-15 21:20:34'),(36,97,12,'Dignissimos sit ut voluptatem quis debitis. Qui nulla qui assumenda quos quo sit. Eos rerum est molestiae quos assumenda laudantium. Mollitia culpa ut officiis alias deserunt exercitationem.',0,0,'2020-04-20 18:19:29','2020-08-21 06:36:59'),(37,67,64,'Illo ut illum et voluptate eligendi at magni. Deleniti nobis ut voluptatem. Quo aut praesentium sint qui non.',0,1,'2020-01-12 06:08:44','2020-08-17 19:41:56'),(38,4,48,'Velit sed ex modi vitae rerum quisquam. Fuga itaque natus eligendi occaecati accusantium dolores. Repellendus nam et eos qui sed.',0,0,'2020-01-29 12:08:36','2020-08-11 16:53:05'),(39,60,62,'Et corrupti voluptas nobis sit beatae minus. Omnis explicabo perspiciatis iure ducimus nostrum. Aut sed suscipit reiciendis amet autem officia delectus. Sit voluptatem est culpa impedit nam ea.',0,1,'2019-12-01 22:57:03','2020-09-05 14:58:43'),(40,37,85,'Placeat minus aut possimus quos nulla accusantium. Dicta officia ad nobis fugit eius voluptatem consectetur. Voluptatem similique porro enim aut molestias. Rerum laborum earum saepe.',1,1,'2019-11-22 19:37:28','2020-09-05 04:11:05'),(41,84,59,'Exercitationem repellat numquam consectetur molestiae quis neque. Est repellendus exercitationem voluptas error aut. Aperiam est consectetur ut et quo nobis commodi quae.',0,1,'2020-02-02 19:57:22','2020-08-26 03:58:41'),(42,42,57,'Quia adipisci architecto sint rerum nihil minus ratione. Dicta et aliquid amet esse sequi ratione optio commodi. Necessitatibus tenetur architecto vel ratione. Molestiae distinctio aliquid officiis.',1,1,'2020-08-14 22:11:08','2020-08-30 04:00:42'),(43,5,64,'Cum laboriosam accusamus ut nihil est. Est deserunt sunt dignissimos magnam. Iure neque minus ea minima in. Reprehenderit id vero dolorem.',1,0,'2020-07-07 16:41:09','2020-09-08 19:23:16'),(44,49,65,'Sit id dolores fugiat corrupti et amet aliquam. Quaerat qui similique in quae voluptatem et. Possimus voluptatum quo itaque vel non tempora. Doloremque saepe voluptatem sint qui qui soluta in quam.',1,0,'2020-01-16 06:31:48','2020-08-14 02:11:21'),(45,76,66,'Minima culpa ipsa quisquam est debitis autem. Vel voluptates dolorem aut minima nostrum corporis autem. Fuga aliquam mollitia quasi dignissimos ducimus unde quis. Modi voluptas eaque nulla est unde.',0,1,'2020-01-16 11:39:09','2020-08-08 23:02:05'),(46,4,10,'Est distinctio ex deserunt quis sit. Ea laboriosam sint nam et recusandae placeat culpa. Rerum ut quos molestiae aperiam autem tempore ut. Nostrum doloremque eos porro. Ducimus maiores exercitationem sunt sequi veritatis.',1,0,'2019-12-02 21:10:31','2020-09-04 18:54:20'),(47,76,46,'Praesentium veritatis recusandae molestias in. Architecto provident unde voluptatem reiciendis blanditiis non. Id accusantium ut omnis commodi et temporibus maxime. Debitis dignissimos debitis excepturi rerum quas.',0,1,'2020-01-13 03:20:00','2020-09-03 18:32:32'),(48,78,59,'Voluptatem hic in quis error facere. Aspernatur alias perspiciatis nemo ipsum.',1,1,'2020-01-10 07:18:24','2020-08-26 13:54:54'),(49,26,89,'Sed labore rerum illum maiores consequatur neque. Aut quis et corrupti ullam adipisci odit. Cumque placeat ipsum cum quibusdam rerum voluptatum id.',1,1,'2020-05-04 22:22:20','2020-08-29 15:27:20'),(50,91,66,'Facilis qui at et numquam dolor eos omnis. Dolorem velit eius quis eum repellendus.',1,0,'2020-03-24 03:52:04','2020-08-26 12:41:55'),(51,92,28,'Exercitationem vel porro quasi et optio veritatis error. Vel nam et nisi fuga sequi incidunt.',0,1,'2020-03-30 08:11:04','2020-08-14 21:37:55'),(52,71,14,'Occaecati nobis omnis quia optio qui excepturi. Ut optio eum molestiae aut nulla. Natus non voluptatum laudantium omnis est reiciendis sint.',0,1,'2020-01-10 02:12:07','2020-08-11 20:24:35'),(53,18,87,'Nihil aperiam provident natus maiores est. Suscipit non commodi ducimus animi. Totam esse molestias iure adipisci dolor commodi. Provident in quae labore quibusdam molestias eveniet. Ad repudiandae quia id libero in dolorem omnis.',0,1,'2020-07-20 06:43:35','2020-08-17 03:36:22'),(54,82,56,'Doloremque placeat voluptas sit facere ut repellendus. Corporis eius omnis maxime et consequatur assumenda cumque hic. Beatae perspiciatis tempora odio totam quia a voluptatem. Cupiditate facere et autem temporibus nemo.',0,0,'2020-05-20 17:44:30','2020-09-04 21:32:08'),(55,53,99,'Eum quos quos rem nulla ad ratione. Reprehenderit quas deleniti omnis dolores. Nisi ipsum in autem dolor dolores corporis. Consequuntur deserunt assumenda sint aliquid sit sunt aut. Accusantium omnis laudantium deserunt culpa.',1,0,'2020-03-07 13:53:28','2020-08-18 15:31:10'),(56,28,100,'Vitae mollitia excepturi vel aspernatur minus corrupti. Modi minus temporibus explicabo dolor illum. Molestiae aperiam dolor voluptas pariatur cum nisi.',1,1,'2020-03-02 00:45:34','2020-08-08 22:24:05'),(57,61,10,'In facere perferendis reprehenderit consequatur sit libero. Provident est distinctio et maiores deserunt voluptate. Voluptates quas officiis sed rerum. Nostrum incidunt consequatur repudiandae necessitatibus id.',0,0,'2020-04-14 18:03:38','2020-08-25 15:52:08'),(58,4,90,'Autem omnis optio officiis omnis architecto. Illo sunt nesciunt culpa architecto eum. Optio qui at corporis quis harum repellendus. Autem omnis omnis sapiente distinctio nostrum eius et.',1,0,'2019-10-13 03:13:53','2020-09-03 15:36:39'),(59,43,93,'Odio et pariatur veritatis magnam. Molestiae veritatis vel temporibus vero dolorum. Sint fugiat in provident quis tempora quam totam. Ratione labore perferendis veniam consequuntur provident dicta.',1,1,'2019-12-23 02:38:24','2020-09-02 17:04:07'),(60,79,69,'Consequatur repellendus velit possimus suscipit. Praesentium cum sunt quam veniam ducimus et ipsum ad. Vitae voluptates quia est sapiente.',0,0,'2020-03-14 21:24:38','2020-08-12 11:54:09'),(61,99,70,'Hic repudiandae odit omnis voluptas saepe. Officiis eum voluptatum deleniti vel sapiente et autem ea. Ullam accusantium aspernatur cumque omnis voluptatem labore enim. Aliquam ab quia qui reprehenderit nihil nam quis.',0,0,'2019-10-09 11:36:15','2020-08-20 04:46:17'),(62,54,13,'Totam in aspernatur inventore vel. Est optio saepe quia adipisci veniam officiis temporibus. In iure maxime cum sapiente. Hic aut nemo corrupti eos et neque.',0,1,'2020-01-30 00:08:55','2020-08-31 06:51:47'),(63,3,28,'Ipsam reiciendis maxime doloribus reprehenderit. Commodi et assumenda soluta assumenda eos ducimus. Earum natus facilis consequatur voluptatem.',0,0,'2020-01-06 22:22:05','2020-09-08 13:28:30'),(64,49,92,'Provident tempore sint illo voluptatem ut culpa error. Quia officiis et possimus maiores. Iste et fugit natus. Cum expedita a voluptatum sit quidem eos ex.',0,0,'2019-11-17 15:08:59','2020-08-23 23:29:24'),(65,78,23,'Corrupti ad rerum non earum asperiores sed corporis. Ut consequatur eligendi velit facere id. Velit quo harum quibusdam consectetur suscipit amet consequuntur. Consequatur reiciendis reiciendis quod sint mollitia. Facilis impedit qui placeat cum.',1,1,'2019-10-30 04:25:35','2020-08-11 01:15:42'),(66,67,62,'Ut laboriosam iusto in in. Maxime hic voluptatem sint sunt. Voluptatum ut dolor est mollitia ea beatae. Molestiae doloribus consequatur facere iste.',1,1,'2019-11-30 11:22:08','2020-09-08 13:28:23'),(67,63,55,'Qui voluptate quo eos est. Est est eveniet quae assumenda et deleniti. Quaerat enim quidem est praesentium atque. Voluptate non recusandae esse incidunt.',1,1,'2019-10-25 08:03:07','2020-08-26 01:18:54'),(68,51,70,'Ducimus non aliquam quas quo maxime cupiditate blanditiis. Nihil nemo perferendis omnis saepe cupiditate autem voluptatem. Explicabo rem in dolores debitis earum. Molestiae eligendi ut unde tempore deserunt porro.',0,0,'2020-09-08 14:04:18','2020-08-10 12:53:02'),(69,70,31,'Ea voluptatem exercitationem soluta occaecati aperiam. Eum perferendis facilis voluptas neque atque. Voluptatem molestias facilis odit perferendis qui nihil.',0,1,'2020-08-15 12:26:15','2020-08-23 04:12:59'),(70,96,30,'Qui voluptatem voluptatibus quia quam nobis. Enim est sit nobis et consequatur. Qui qui quo blanditiis vel. Quas cum quo enim eos et ut.',0,0,'2020-08-21 00:18:58','2020-08-13 07:26:56'),(71,62,30,'Qui eum autem fugiat id omnis. Voluptatem quidem ut rerum eum ut tempora. Molestiae quo sequi dicta consequatur. Autem sunt assumenda est.',1,1,'2019-10-13 03:42:53','2020-08-13 03:52:52'),(72,42,36,'Eum omnis dolorem quidem magnam adipisci. Neque nobis voluptatibus excepturi iste vel. Sed laborum et officia culpa delectus. Eveniet aliquid sunt alias magnam sit consequatur rerum cumque.',0,0,'2020-07-27 16:52:33','2020-08-26 10:54:43'),(73,56,19,'Quas esse temporibus adipisci quod delectus quo. Corrupti eos minus sunt alias. Aspernatur odit praesentium eos voluptatem hic.',1,1,'2020-05-26 17:21:54','2020-08-14 08:39:22'),(74,56,12,'Laudantium nisi quia amet aut expedita saepe nulla. Consequatur quia a voluptatem. Expedita eius quasi atque corporis est accusamus sint.',1,1,'2020-08-14 19:37:47','2020-08-18 13:46:56'),(75,19,9,'Eaque ex atque sit ea nesciunt. Itaque repellendus quo rerum dolorum sit ipsa fugiat. Dolores harum provident dignissimos.',1,0,'2020-04-08 22:54:06','2020-08-22 04:15:46'),(76,6,91,'Repellendus mollitia est dolores est quae. Corporis voluptatem necessitatibus unde aperiam dolores voluptas cum. Quis quo rerum quia laborum.',0,0,'2019-11-18 12:20:07','2020-08-25 01:48:05'),(77,12,16,'Esse repellendus doloremque voluptates omnis quisquam. Repellendus in nam ut. Est illum quisquam pariatur quis possimus optio. Rerum voluptas minima iusto aut velit qui deserunt rem.',1,0,'2020-08-22 15:15:28','2020-08-08 23:25:24'),(78,96,42,'Est architecto voluptas possimus voluptate odio unde. Sint et et ut provident quos ipsam soluta. Possimus qui facere qui repellendus unde.',0,0,'2019-12-28 01:06:19','2020-08-23 06:29:11'),(79,12,31,'Qui a error dicta eius odio. Iusto voluptas neque excepturi rem. Est pariatur sed et veritatis sit.',1,0,'2020-03-21 15:54:10','2020-08-18 17:41:05'),(80,85,43,'Adipisci ut distinctio qui dolores ullam eaque eum. Nulla dolor dolorum vero voluptas et sit.',1,1,'2019-11-14 08:49:42','2020-08-17 10:08:02'),(81,69,45,'Asperiores quibusdam sapiente eligendi sunt sed eum iste quae. Expedita est nostrum perferendis dolor a. Aspernatur quisquam qui vitae at adipisci laudantium occaecati.',0,0,'2020-06-01 11:31:57','2020-08-22 12:14:05'),(82,95,77,'Vel nihil tenetur dignissimos. Est aut in consequuntur laudantium illum. Quasi rerum aliquid fugit temporibus. Tenetur veritatis omnis aliquam et mollitia harum vitae.',0,1,'2020-03-11 09:25:59','2020-09-02 20:36:16'),(83,51,18,'Voluptatem nihil dolorum asperiores voluptatem. At sequi labore enim aut.',1,0,'2020-07-10 20:27:31','2020-08-18 19:56:47'),(84,12,21,'Iure commodi nihil a consequatur deserunt. Quis omnis perspiciatis dicta. Dolorum dicta id magni quia. Ipsam blanditiis ut et.',0,0,'2020-08-11 16:26:50','2020-09-03 02:18:00'),(85,68,74,'Debitis minus incidunt aut voluptas. Dolorem dolorem odio rerum. Provident excepturi aliquam doloribus labore nostrum itaque repudiandae. Officiis quis dolor et cupiditate quod adipisci.',0,0,'2020-03-06 14:51:27','2020-08-21 22:31:44'),(86,2,46,'Porro dolore rerum dolorem in ratione voluptatum. Asperiores et omnis quis eveniet perspiciatis molestias. Asperiores aut fugit exercitationem molestias voluptas aperiam. Vitae iusto repudiandae dicta iure dolores consequatur. Quaerat aut labore illo architecto.',1,1,'2020-06-10 09:59:53','2020-08-11 08:51:11'),(87,42,6,'Et molestiae quis illo magni. Et et et dolorum odio molestiae debitis. Esse ex ullam iste aut quis odit quos.',1,0,'2020-07-14 23:55:44','2020-08-24 20:08:39'),(88,54,17,'Qui et molestiae illo consequatur hic. Sed voluptatibus nemo dolores facere nulla. Dolorum ab necessitatibus culpa facilis.',1,0,'2020-03-15 20:19:42','2020-08-19 05:35:25'),(89,60,39,'Beatae sit iusto exercitationem alias. Nulla harum aliquid velit. Soluta vitae ipsum sunt. Non fugiat placeat nostrum perspiciatis eaque omnis molestiae.',0,1,'2020-03-01 13:36:43','2020-08-25 04:40:08'),(90,18,23,'Beatae ut praesentium corporis. Laboriosam rerum accusantium ad quam. Nihil eos ullam error temporibus ducimus aut. Aut excepturi debitis temporibus rerum nisi numquam.',1,0,'2019-12-31 22:44:01','2020-08-22 04:24:34'),(91,35,23,'Et laboriosam commodi hic sit aut. Sit consectetur ut alias aut sed pariatur doloremque. Non itaque ullam in facilis. Aut eum fuga voluptates facere eum velit est.',0,1,'2019-10-14 07:25:56','2020-08-17 14:57:21'),(92,70,67,'Qui reiciendis sint esse nemo ipsa. Ab alias adipisci cum sint tenetur aspernatur. Sed laboriosam quos quo. Quia ut aperiam nesciunt velit aspernatur.',1,1,'2020-04-13 17:16:41','2020-09-06 07:42:49'),(93,1,98,'Assumenda facere nihil aliquid earum. Ad sed quia ut eos corrupti nesciunt aliquid. Aspernatur ea laudantium ut laborum cumque cupiditate et.',1,0,'2019-09-18 00:54:40','2020-08-15 04:01:30'),(94,18,35,'At dolorem nihil ducimus sit quidem delectus totam. Fuga impedit blanditiis neque aut quia repellendus eos amet. Voluptate sapiente autem impedit dolores illum.',1,0,'2020-05-08 05:40:28','2020-09-04 16:28:56'),(95,20,17,'Mollitia perferendis voluptatem iste nam enim ut molestiae. Eaque fugiat omnis adipisci laborum alias voluptate ut. Dolor blanditiis sunt est culpa consectetur eos eos quae. Et corporis ab ad quia deleniti ipsum perspiciatis.',1,0,'2020-03-03 07:35:31','2020-08-28 02:29:01'),(96,61,20,'Ut architecto neque dolorem sed est. Modi et delectus repudiandae similique. Molestiae perspiciatis dicta quos voluptatem necessitatibus consequatur repellendus esse. Et aut laborum expedita non dolorem reiciendis odio.',0,0,'2020-08-14 13:58:42','2020-08-15 18:26:47'),(97,60,43,'Et ipsum ut quo aliquid. Quo magni laudantium tenetur. Ratione temporibus amet cupiditate consequatur quae. Quisquam et vel ad temporibus voluptate voluptas autem.',1,1,'2020-03-04 01:40:42','2020-08-23 05:05:15'),(98,32,79,'Fugiat maiores rerum quod exercitationem. Aut ducimus et ut id.',0,1,'2020-05-03 16:48:47','2020-08-27 17:37:54'),(99,8,31,'Dolorem placeat ipsam ex corporis sint esse nulla. Necessitatibus possimus et quo velit. Tempore quisquam sit cum beatae quis laboriosam. Possimus et quae accusantium reprehenderit.',1,1,'2020-04-10 03:18:21','2020-08-15 13:56:11'),(100,97,57,'Corrupti rerum suscipit inventore dignissimos exercitationem veritatis porro accusantium. Fugit repellat voluptatem et doloremque molestiae. Magnam officia delectus et deserunt consectetur culpa quasi. Nemo voluptatem sunt ut et corporis.',0,1,'2019-11-04 06:05:25','2020-09-04 13:43:53');
/*!40000 ALTER TABLE `messages` ENABLE KEYS */;
UNLOCK TABLES;

--
-- Table structure for table `posts`
--

DROP TABLE IF EXISTS `posts`;
/*!40101 SET @saved_cs_client     = @@character_set_client */;
/*!50503 SET character_set_client = utf8mb4 */;
CREATE TABLE `posts` (
  `id` int unsigned NOT NULL AUTO_INCREMENT,
  `post_type` int unsigned NOT NULL,
  `post_content` varchar(255) CHARACTER SET utf8 COLLATE utf8_unicode_ci NOT NULL,
  `post_media` int unsigned NOT NULL,
  `user_id` int unsigned NOT NULL,
  `like` int unsigned NOT NULL,
  PRIMARY KEY (`id`),
  KEY `posts_FK` (`post_media`),
  KEY `posts_FK_1` (`user_id`),
  KEY `posts_FK_2` (`like`),
  CONSTRAINT `posts_FK` FOREIGN KEY (`post_media`) REFERENCES `media` (`id`),
  CONSTRAINT `posts_FK_1` FOREIGN KEY (`user_id`) REFERENCES `users` (`user_id`),
  CONSTRAINT `posts_FK_2` FOREIGN KEY (`like`) REFERENCES `likes` (`id`)
) ENGINE=InnoDB AUTO_INCREMENT=101 DEFAULT CHARSET=utf8 COLLATE=utf8_unicode_ci;
/*!40101 SET character_set_client = @saved_cs_client */;

--
-- Dumping data for table `posts`
--

LOCK TABLES `posts` WRITE;
/*!40000 ALTER TABLE `posts` DISABLE KEYS */;
INSERT INTO `posts` VALUES (1,3,'Dolorem assumenda molestiae odit omnis commodi aut molestiae id.',17,26,1),(2,9,'Aut perspiciatis voluptatum labore minima earum nemo doloribus expedita.',49,17,1),(3,6,'Voluptas consectetur non magnam fuga voluptatem beatae non eum.',7,61,2),(4,2,'Voluptatibus mollitia numquam magnam corrupti hic.',36,57,2),(5,3,'Dolores est voluptatem earum ad.',14,35,1),(6,8,'Alias nulla ipsa ipsa.',48,56,1),(7,7,'Fugiat dolor voluptas unde occaecati at labore quo.',48,24,2),(8,9,'Eum nostrum eos dolor facilis.',39,87,1),(9,10,'Porro quis facere quibusdam eum.',43,67,1),(10,10,'At ex ducimus quasi earum.',49,67,2),(11,1,'In rerum pariatur itaque qui omnis est doloribus.',37,56,2),(12,9,'Occaecati sit rem repudiandae cupiditate et.',76,14,2),(13,1,'Excepturi ut nesciunt laboriosam dolores perferendis consequatur.',17,13,1),(14,1,'Commodi autem est non quibusdam.',8,56,1),(15,6,'Quibusdam soluta porro ea repudiandae in.',4,93,1),(16,5,'Dolores quae ipsam voluptates vitae voluptate rerum fugit aut.',96,25,1),(17,4,'Provident odio accusantium minus assumenda ea.',84,61,1),(18,5,'Corrupti ut est necessitatibus possimus deleniti aliquam voluptates.',99,30,2),(19,4,'Impedit temporibus qui labore et rerum.',64,22,1),(20,2,'Quia autem voluptatem non natus.',94,84,2),(21,5,'Ut in eveniet hic aut dolor voluptatem ipsa inventore.',12,62,1),(22,1,'Expedita cum iste possimus aut.',83,4,1),(23,2,'Eaque suscipit aspernatur sit voluptas et quidem veritatis.',2,51,1),(24,8,'Quibusdam fugit ut quia a aperiam ut quia.',27,31,2),(25,10,'Iure qui dignissimos laboriosam voluptas nobis in veniam dolores.',73,39,1),(26,4,'Illo in illo non totam soluta in non.',87,60,1),(27,9,'Et voluptates et ut laborum officia.',4,9,2),(28,6,'Molestias aliquam odio provident similique sequi.',8,89,1),(29,8,'Ea mollitia dignissimos veritatis rem magni voluptatum qui voluptatem.',84,47,2),(30,7,'Deserunt est rerum dolores eligendi quae aut.',3,50,2),(31,6,'Ipsum temporibus nostrum voluptatibus tenetur.',84,56,2),(32,5,'Cum accusamus perferendis ipsa sapiente.',34,58,2),(33,2,'Laborum omnis possimus repudiandae iure consequatur.',54,61,2),(34,3,'Accusamus itaque iure et ea consequatur.',95,81,1),(35,4,'Animi qui ea quibusdam et aliquam.',21,56,2),(36,3,'Quia qui nisi non.',18,31,2),(37,6,'Est sequi vero magni sit quibusdam.',89,39,1),(38,8,'Et nihil saepe assumenda.',12,87,1),(39,2,'Quae sint illum est fuga atque maiores.',1,68,1),(40,3,'Consequatur omnis fugit facere maiores iure.',29,84,2),(41,6,'Quibusdam velit aut consequatur cumque ad.',32,81,1),(42,7,'Animi vero fugiat laudantium et.',45,59,1),(43,3,'Distinctio repellat aliquid et.',98,99,1),(44,6,'Voluptatum ullam molestiae in et.',58,10,2),(45,9,'Omnis dolorem voluptate excepturi iusto quod.',32,96,1),(46,6,'Et architecto sapiente enim rerum tempore.',44,91,1),(47,6,'Enim expedita iure dignissimos deleniti ratione reprehenderit.',31,6,2),(48,5,'Nam vel reiciendis est qui.',91,8,2),(49,6,'Quibusdam id vero voluptas et consequatur ratione dolores.',60,13,1),(50,2,'Dignissimos et pariatur ab et.',18,7,1),(51,6,'Corrupti assumenda voluptas tenetur pariatur tempore veniam explicabo officiis.',78,25,1),(52,6,'Libero accusantium itaque temporibus porro provident.',1,76,2),(53,3,'Molestias expedita nulla ut adipisci reprehenderit error quo.',19,95,1),(54,3,'Aut voluptatibus facere quidem ut ea quae illo.',28,55,2),(55,3,'Ab eum ad et voluptatibus.',32,3,2),(56,5,'Provident eligendi et reprehenderit veritatis omnis veniam quia et.',55,93,1),(57,3,'Unde alias facere laborum rerum.',9,44,2),(58,1,'Nihil aut pariatur laborum magni qui vitae provident autem.',71,37,2),(59,8,'Quis totam aspernatur aut quam.',68,58,2),(60,5,'Eaque molestiae id eum non.',46,74,1),(61,10,'In laboriosam repellat veritatis quia qui impedit.',18,5,2),(62,1,'Quia consequuntur recusandae molestiae.',89,81,1),(63,8,'Sit inventore deserunt culpa aspernatur voluptas omnis architecto.',36,40,1),(64,8,'Nihil enim laborum sunt eaque.',49,77,1),(65,2,'Eveniet qui omnis pariatur non atque illo.',82,41,2),(66,5,'Et unde et velit qui.',42,99,2),(67,7,'Odit iure ut placeat omnis nam aut aut.',45,92,2),(68,4,'Sed quos quae et.',67,45,1),(69,8,'Reiciendis eum sit quia non explicabo et ab.',67,64,2),(70,10,'Eos quo magnam et repellat incidunt et fuga.',78,94,2),(71,9,'Et sit quod dolore quisquam corporis voluptas similique deserunt.',1,89,1),(72,9,'Veritatis voluptas qui magni quas.',42,26,1),(73,5,'Ullam soluta dolorem asperiores assumenda.',28,64,1),(74,3,'Aut et quasi eius debitis.',100,85,1),(75,3,'Et et consequuntur est nesciunt temporibus suscipit.',24,8,2),(76,3,'Perspiciatis quia repellendus ipsam nemo vero non.',86,53,1),(77,1,'Perspiciatis blanditiis veniam porro architecto hic.',98,2,1),(78,8,'Ut facere in iure corporis dolorem velit.',80,66,1),(79,6,'Occaecati qui deleniti dicta non ut.',53,31,1),(80,7,'Autem placeat vel exercitationem quam aut quo dolor.',77,58,2),(81,1,'Rerum repellat unde consequatur aut ea sunt.',95,44,1),(82,3,'Distinctio velit est aut incidunt architecto et dolores.',79,50,1),(83,10,'Aut fuga sit et.',86,88,1),(84,4,'Laboriosam cupiditate qui totam et omnis minima maxime.',76,7,1),(85,6,'Quisquam aliquam eligendi earum ut.',11,21,1),(86,10,'Et quidem soluta aperiam vel odio itaque.',64,29,1),(87,2,'Non repellendus minima vel non ipsam aut.',42,72,2),(88,2,'Aut tempora saepe hic non veniam.',84,37,2),(89,7,'Reprehenderit molestiae veritatis itaque voluptatem voluptatem in.',47,58,1),(90,4,'Repudiandae vel laborum repellendus et.',24,29,2),(91,6,'Facilis quas illo soluta qui.',33,98,2),(92,5,'Voluptas quas dignissimos sed.',45,14,1),(93,9,'Repudiandae maxime quisquam pariatur qui consequatur consequatur ea.',34,55,1),(94,7,'Expedita tenetur facere omnis recusandae fuga.',1,67,1),(95,5,'Eius eaque atque temporibus vitae dolorum.',7,47,2),(96,4,'Tempore ullam blanditiis architecto consequatur provident autem.',51,46,1),(97,5,'Quia delectus molestias voluptatem odit.',80,30,1),(98,8,'Illo harum aliquid ut doloremque officia rem aut ut.',5,36,1),(99,1,'Ratione voluptas consectetur ducimus dignissimos sint modi.',43,66,1),(100,8,'Enim odio officia consequatur vel.',25,66,2);
/*!40000 ALTER TABLE `posts` ENABLE KEYS */;
UNLOCK TABLES;

--
-- Table structure for table `profiles`
--

DROP TABLE IF EXISTS `profiles`;
/*!40101 SET @saved_cs_client     = @@character_set_client */;
/*!50503 SET character_set_client = utf8mb4 */;
CREATE TABLE `profiles` (
  `user_id` int unsigned NOT NULL COMMENT 'User link',
  `gender` char(1) CHARACTER SET utf8 COLLATE utf8_unicode_ci NOT NULL COMMENT 'gender',
  `birthday` date DEFAULT NULL COMMENT 'birthday date',
  `photo_id` int unsigned DEFAULT NULL COMMENT 'Link on main profile photo',
  `city` varchar(130) CHARACTER SET utf8 COLLATE utf8_unicode_ci DEFAULT NULL COMMENT 'user''s current city',
  `country` varchar(100) CHARACTER SET utf8 COLLATE utf8_unicode_ci DEFAULT NULL COMMENT 'user''s current country',
  `created_at` datetime DEFAULT CURRENT_TIMESTAMP COMMENT 'string creation time',
  `updated_at` datetime DEFAULT CURRENT_TIMESTAMP ON UPDATE CURRENT_TIMESTAMP COMMENT 'string update time',
  PRIMARY KEY (`user_id`),
  KEY `profiles_FK` (`photo_id`),
  CONSTRAINT `profiles_FK` FOREIGN KEY (`photo_id`) REFERENCES `media` (`id`)
) ENGINE=InnoDB DEFAULT CHARSET=utf8 COLLATE=utf8_unicode_ci;
/*!40101 SET character_set_client = @saved_cs_client */;

--
-- Dumping data for table `profiles`
--

LOCK TABLES `profiles` WRITE;
/*!40000 ALTER TABLE `profiles` DISABLE KEYS */;
INSERT INTO `profiles` VALUES (1,'m','1999-04-29',51,'Macejkovichaven','Central African Republic','2020-07-03 18:42:01','2020-09-06 20:24:52'),(2,'f','1986-10-08',36,'North Alycia','Cape Verde','2020-03-05 09:39:24','2020-08-17 18:30:03'),(3,'f','2019-12-13',92,'Nathanaelfurt','Madagascar','2020-06-28 21:52:52','2020-08-23 20:15:26'),(4,'u','1999-03-10',14,'Jannieville','Philippines','2019-09-17 01:58:53','2020-09-06 20:21:29'),(5,'u','1998-09-05',66,'Wisozkfurt','Afghanistan','2019-10-07 23:20:06','2020-09-05 05:08:00'),(6,'m','1997-04-27',86,'South Raul','Rwanda','2020-05-12 23:29:52','2020-09-02 10:00:21'),(7,'u','2020-03-24',9,'East Tressaborough','Mauritania','2019-12-12 04:46:12','2020-08-13 19:41:39'),(8,'u','2002-01-17',62,'Ottisfurt','French Polynesia','2019-11-05 21:49:03','2020-08-18 19:38:23'),(9,'u','2020-08-06',8,'Lake Everardoville','Argentina','2020-06-17 08:44:47','2020-08-18 10:38:33'),(10,'f','1978-05-04',75,'Obieside','Saint Martin','2020-08-01 01:07:01','2020-09-08 03:31:11'),(11,'u','2009-05-17',54,'Caitlynside','Puerto Rico','2020-01-29 17:51:12','2020-08-22 12:39:46'),(12,'f','2006-03-01',69,'Lake Mohammedbury','Burundi','2020-03-21 09:22:16','2020-08-30 18:28:55'),(13,'f','2011-10-08',76,'Isobelhaven','Hong Kong','2019-12-22 05:03:22','2020-08-18 02:05:53'),(14,'m','1978-11-10',71,'Wittingville','Israel','2020-02-23 07:13:06','2020-08-20 14:16:10'),(15,'u','2016-08-11',39,'New Samberg','Lao People\'s Democratic Republic','2020-05-18 20:29:36','2020-08-15 17:00:50'),(16,'m','1996-05-16',91,'Cummeratafurt','Niger','2020-06-07 17:45:34','2020-08-25 19:17:45'),(17,'u','1987-01-02',32,'Swaniawskichester','Mayotte','2020-06-18 12:00:05','2020-08-27 07:50:48'),(18,'m','2006-03-17',37,'North Jimmietown','Zambia','2019-10-30 00:16:53','2020-08-10 19:38:09'),(19,'f','2020-06-08',61,'Boganborough','Comoros','2020-07-02 01:44:15','2020-08-31 21:20:49'),(20,'u','2020-02-16',49,'South Richmond','Suriname','2019-09-17 10:37:31','2020-09-07 08:56:49'),(21,'u','1974-07-07',79,'West Seth','Lesotho','2020-03-24 23:00:50','2020-09-04 06:46:21'),(22,'m','1983-07-10',52,'West Janieberg','Somalia','2020-05-02 11:45:51','2020-08-20 21:55:28'),(23,'u','2015-03-21',62,'Port Shany','Guyana','2019-11-07 17:50:15','2020-08-22 19:48:33'),(24,'f','1977-01-13',77,'Balistrerimouth','Zimbabwe','2020-01-29 17:44:46','2020-08-30 21:36:09'),(25,'m','1980-09-03',5,'Port Mitchellton','Iceland','2019-09-16 12:33:46','2020-08-10 18:46:17'),(26,'f','1975-01-17',70,'Zariamouth','Somalia','2020-05-25 15:17:06','2020-08-23 02:15:27'),(27,'f','1978-05-30',12,'Judyhaven','Colombia','2019-11-16 21:39:24','2020-08-27 06:30:01'),(28,'m','1982-12-07',48,'Padbergport','Iceland','2020-01-24 05:26:21','2020-08-17 13:39:09'),(29,'f','2002-03-04',36,'Jasttown','Liberia','2020-03-15 03:34:22','2020-09-05 13:48:23'),(30,'u','1970-04-14',13,'West Christiana','Thailand','2020-02-04 14:32:03','2020-08-11 06:15:32'),(31,'u','2001-08-12',84,'New Andreanne','Djibouti','2019-12-25 07:40:08','2020-08-22 10:07:18'),(32,'u','1979-01-30',49,'Herzogburgh','Guyana','2020-04-21 15:25:08','2020-09-08 21:27:25'),(33,'f','1973-02-20',42,'Hartmannshire','Japan','2019-12-05 12:58:36','2020-08-22 11:50:19'),(34,'m','1992-08-19',81,'Elainaburgh','Latvia','2020-06-05 15:44:44','2020-08-13 16:35:39'),(35,'m','1997-11-03',38,'Randiburgh','Philippines','2020-04-11 17:51:51','2020-08-16 00:22:59'),(36,'u','1976-01-30',91,'Billietown','New Zealand','2019-10-11 10:25:08','2020-09-08 13:45:48'),(37,'f','2019-08-08',51,'Mitchellland','Saudi Arabia','2020-01-31 10:48:32','2020-08-28 19:26:23'),(38,'f','1984-09-30',20,'Edytheview','Myanmar','2020-03-10 11:09:12','2020-08-30 02:16:44'),(39,'m','2019-03-12',75,'McLaughlinshire','United States Virgin Islands','2020-01-20 02:57:51','2020-08-31 09:30:20'),(40,'u','1999-03-21',79,'Lake Kellyborough','Lao People\'s Democratic Republic','2020-06-24 03:31:37','2020-09-05 23:27:06'),(41,'m','1973-07-10',61,'North Crystalborough','Suriname','2019-12-23 22:48:45','2020-08-16 03:58:18'),(42,'f','2000-06-03',48,'Declanfurt','Wallis and Futuna','2020-02-08 22:00:43','2020-08-31 07:02:49'),(43,'f','1978-08-21',35,'South Torey','Bouvet Island (Bouvetoya)','2020-07-26 14:30:17','2020-08-10 05:04:30'),(44,'m','1994-08-14',92,'Sydneefurt','Malaysia','2020-09-06 10:38:55','2020-08-30 07:33:18'),(45,'f','1982-09-22',71,'Grimesstad','Finland','2020-06-14 13:53:04','2020-08-27 00:38:41'),(46,'f','2004-01-01',83,'Celestinebury','Malta','2020-01-29 03:11:14','2020-08-24 05:27:59'),(47,'m','2007-09-25',61,'Gislasonmouth','Portugal','2020-06-07 00:32:32','2020-08-24 19:44:26'),(48,'u','1987-08-05',81,'South Alexysberg','Montenegro','2020-08-25 11:51:44','2020-08-10 15:28:54'),(49,'u','1997-04-23',59,'Autumnfort','Seychelles','2020-02-29 14:10:47','2020-09-08 17:35:19'),(50,'m','2010-12-09',84,'Terryside','Serbia','2020-03-23 13:28:29','2020-08-16 15:28:13'),(51,'u','2016-07-04',8,'Lake Aliyaton','France','2020-04-09 15:54:03','2020-08-13 06:35:59'),(52,'f','1997-01-25',79,'Delmerland','Uruguay','2020-03-16 09:20:57','2020-09-06 21:29:12'),(53,'u','2012-06-25',76,'Nadialand','Guernsey','2019-12-28 06:56:25','2020-08-26 06:30:36'),(54,'f','2018-06-18',83,'East Reed','Hungary','2020-04-27 06:02:44','2020-08-30 07:41:09'),(55,'f','2000-02-28',94,'Haileyhaven','Latvia','2019-10-19 03:53:16','2020-08-21 05:24:53'),(56,'u','2007-02-03',80,'Labadieview','China','2020-08-06 17:49:20','2020-08-14 06:57:55'),(57,'f','1970-12-23',83,'Dibbertbury','Romania','2020-06-23 10:27:44','2020-08-11 14:58:02'),(58,'m','2012-03-19',45,'Port Bobbiehaven','Tanzania','2020-06-14 19:49:36','2020-08-30 08:23:59'),(59,'u','2014-02-01',43,'Jakubowskiville','Gabon','2019-12-20 03:40:15','2020-09-05 09:38:04'),(60,'u','1989-02-14',69,'Danielleburgh','Eritrea','2020-04-18 05:11:42','2020-08-31 08:24:32'),(61,'f','1974-08-11',3,'Josuehaven','Estonia','2020-03-17 05:00:48','2020-08-19 22:14:23'),(62,'m','2009-04-15',84,'Port Ashleemouth','Madagascar','2019-12-09 22:11:46','2020-08-11 14:51:20'),(63,'f','2013-08-18',80,'North Vaughn','Netherlands Antilles','2019-10-30 19:57:24','2020-09-05 09:20:46'),(64,'f','2004-09-24',66,'Boyerbury','Cote d\'Ivoire','2020-08-09 03:50:03','2020-08-22 02:16:49'),(65,'u','1996-02-14',87,'Jaimeville','Antarctica (the territory South of 60 deg S)','2020-02-24 14:00:29','2020-08-18 08:24:55'),(66,'u','1971-07-23',53,'Beckerbury','Aruba','2020-05-10 00:20:31','2020-08-13 05:54:22'),(67,'f','1975-09-05',59,'North Winifred','Sweden','2019-10-03 04:18:44','2020-08-11 09:10:43'),(68,'f','2004-12-15',65,'New Vergieberg','French Guiana','2020-07-20 23:01:29','2020-08-22 13:43:01'),(69,'m','1998-12-09',6,'Josephineside','Moldova','2020-06-24 00:45:07','2020-08-12 19:11:09'),(70,'u','1986-07-29',41,'Christellechester','Germany','2019-10-29 13:53:47','2020-09-05 03:47:04'),(71,'f','2019-05-11',44,'North Chaimmouth','Kuwait','2020-03-17 15:28:35','2020-08-17 17:17:45'),(72,'m','1989-09-13',15,'North Santino','Angola','2020-01-02 07:37:14','2020-08-20 17:18:21'),(73,'u','2007-05-07',22,'Greenfelderton','Malta','2020-08-28 15:10:59','2020-08-11 04:29:55'),(74,'m','2007-02-11',34,'Rautown','Nepal','2020-03-13 22:24:23','2020-08-19 15:23:52'),(75,'m','1992-04-06',7,'Lake Jakeport','Bolivia','2020-07-09 21:03:27','2020-08-15 20:24:57'),(76,'m','1983-03-06',90,'West Collinchester','Indonesia','2020-01-01 13:39:21','2020-08-26 09:09:02'),(77,'f','2015-02-13',74,'Lake Elnoraview','Cayman Islands','2020-05-11 08:36:37','2020-08-21 21:38:05'),(78,'m','1981-08-16',76,'Port Maritza','Ghana','2019-11-28 19:54:01','2020-08-24 14:00:32'),(79,'m','1986-10-03',37,'Cliftonberg','Romania','2020-05-31 21:23:38','2020-08-31 23:36:40'),(80,'f','2019-03-02',73,'Bonnieshire','Sao Tome and Principe','2020-08-02 23:13:46','2020-08-31 21:01:53'),(81,'f','2019-06-30',47,'Kertzmannport','Greece','2020-02-29 14:36:05','2020-08-09 18:07:08'),(82,'m','1998-11-07',44,'South Reinhold','Luxembourg','2020-01-31 06:31:24','2020-08-18 00:16:54'),(83,'u','1987-07-09',87,'Lake Darrinshire','Belize','2020-01-15 11:10:30','2020-08-25 17:31:14'),(84,'u','1988-04-25',40,'New Carroll','Hungary','2020-04-12 15:01:33','2020-08-17 15:34:52'),(85,'f','2013-04-08',90,'West Amina','Cuba','2020-04-21 08:43:04','2020-08-11 03:16:14'),(86,'m','2019-03-13',88,'Port Randalltown','Marshall Islands','2019-11-06 13:46:58','2020-08-23 10:33:42'),(87,'u','1985-07-04',37,'Prosaccoview','Guinea','2019-11-29 18:26:22','2020-09-03 19:16:42'),(88,'u','1995-11-29',95,'Lake Kirk','Guinea-Bissau','2020-03-18 21:12:07','2020-08-24 11:46:14'),(89,'u','1977-09-12',12,'Port Aniyaburgh','Portugal','2019-09-11 14:19:03','2020-08-25 13:21:48'),(90,'u','1989-04-28',100,'South Amiya','Svalbard & Jan Mayen Islands','2020-02-23 01:03:31','2020-09-05 19:07:41'),(91,'u','1994-08-27',55,'North Ahmed','Greece','2020-06-26 10:33:31','2020-08-26 11:31:45'),(92,'u','2007-11-19',42,'Piperborough','Albania','2020-02-06 13:16:36','2020-09-01 01:15:01'),(93,'m','1992-05-16',99,'North Kadenside','Japan','2020-08-21 14:22:00','2020-09-07 11:20:20'),(94,'m','2007-12-10',66,'North Olinland','Paraguay','2019-12-25 09:41:41','2020-08-10 14:23:55'),(95,'f','1988-10-20',22,'Arvidfurt','Greenland','2020-05-30 05:43:49','2020-08-24 05:51:05'),(96,'m','2002-08-02',9,'Rowanside','Gibraltar','2020-09-08 04:41:28','2020-09-03 04:41:18'),(97,'m','2006-09-17',93,'Emilianofort','Luxembourg','2019-11-12 15:37:28','2020-08-17 23:48:33'),(98,'u','1974-11-09',39,'Braunmouth','Bangladesh','2019-10-17 15:07:42','2020-09-02 08:04:51'),(99,'f','1977-03-06',23,'Garryshire','Turkmenistan','2020-04-18 00:42:34','2020-09-06 09:30:24'),(100,'m','2015-09-04',75,'Schmelerfort','Guyana','2020-05-22 22:40:18','2020-08-20 00:21:12');
/*!40000 ALTER TABLE `profiles` ENABLE KEYS */;
UNLOCK TABLES;

--
-- Table structure for table `users`
--

DROP TABLE IF EXISTS `users`;
/*!40101 SET @saved_cs_client     = @@character_set_client */;
/*!50503 SET character_set_client = utf8mb4 */;
CREATE TABLE `users` (
  `user_id` int unsigned NOT NULL AUTO_INCREMENT,
  `name` varchar(255) CHARACTER SET utf8 COLLATE utf8_unicode_ci DEFAULT NULL,
  `created_at` varchar(255) CHARACTER SET utf8 COLLATE utf8_unicode_ci DEFAULT NULL,
  `updated_at` varchar(255) CHARACTER SET utf8 COLLATE utf8_unicode_ci DEFAULT NULL,
  PRIMARY KEY (`user_id`),
  UNIQUE KEY `id` (`user_id`),
  CONSTRAINT `users_FK` FOREIGN KEY (`user_id`) REFERENCES `profiles` (`user_id`)
) ENGINE=InnoDB AUTO_INCREMENT=101 DEFAULT CHARSET=utf8 COLLATE=utf8_unicode_ci;
/*!40101 SET character_set_client = @saved_cs_client */;

--
-- Dumping data for table `users`
--

LOCK TABLES `users` WRITE;
/*!40000 ALTER TABLE `users` DISABLE KEYS */;
INSERT INTO `users` VALUES (1,'Amanda','2019-10-20 20:41:31','2014-03-07 23:53:27'),(2,'Hiram','2020-04-27 16:04:31','2011-07-11 05:03:42'),(3,'Karolann','2020-04-09 05:41:05','2016-01-14 09:38:00'),(4,'Frederic','2020-06-18 06:54:38','2013-07-22 11:58:52'),(5,'Chester','2020-02-06 09:11:22','2011-11-10 01:21:55'),(6,'Patricia','2020-07-11 12:33:32','2015-10-04 16:19:44'),(7,'Brandi','2020-03-08 07:45:31','2016-09-27 19:36:37'),(8,'Lucile','2020-07-26 17:26:04','2017-04-30 14:38:18'),(9,'Glen','2019-10-30 21:18:43','2011-02-23 22:40:21'),(10,'Barton','2020-03-23 16:52:27','2017-06-22 14:55:36'),(11,'Lina','2020-09-05 20:04:11','2020-03-19 12:04:34'),(12,'Kaela','2020-08-06 06:05:37','2010-12-02 15:20:22'),(13,'Justyn','2020-02-04 08:56:08','2017-07-20 07:38:27'),(14,'Hunter','2019-11-18 02:44:59','2013-12-03 22:43:26'),(15,'Viola','2020-06-14 18:57:05','2013-02-18 19:45:58'),(16,'Natalie','2020-07-06 00:29:43','2011-09-10 17:00:59'),(17,'Raleigh','2020-08-14 13:31:17','2016-10-27 19:54:51'),(18,'Soledad','2020-02-22 14:00:58','2010-11-03 16:41:01'),(19,'Edna','2020-08-17 22:05:57','2015-04-16 23:57:06'),(20,'Ocie','2020-03-12 23:38:50','2017-07-18 11:21:48'),(21,'Julius','2020-01-17 18:30:57','2012-01-24 03:11:29'),(22,'Easter','2020-08-02 21:19:34','2020-05-19 14:34:24'),(23,'Davonte','2019-12-07 05:09:02','2011-07-22 10:25:41'),(24,'Tiffany','2019-10-15 02:51:01','2012-09-12 16:08:51'),(25,'Gabriella','2020-04-18 04:41:40','2011-08-18 21:43:44'),(26,'Una','2020-08-03 07:13:32','2012-05-11 04:13:46'),(27,'Eve','2020-04-29 21:23:01','2020-01-11 05:49:21'),(28,'Willis','2020-05-28 11:47:13','2010-12-12 08:58:22'),(29,'Braxton','2019-09-19 08:13:22','2015-06-25 22:19:44'),(30,'Rachel','2020-01-07 23:33:11','2016-03-05 02:55:26'),(31,'Sheridan','2020-04-05 18:02:19','2015-05-12 13:09:37'),(32,'Lazaro','2020-03-11 07:31:11','2020-01-01 10:33:07'),(33,'Jayne','2020-04-10 00:34:59','2018-10-17 06:02:47'),(34,'Otha','2020-02-10 06:25:33','2012-06-23 21:39:25'),(35,'Lexi','2019-10-23 09:40:24','2015-11-16 05:59:30'),(36,'Josefina','2020-01-22 07:52:24','2012-04-21 13:15:02'),(37,'Felicia','2020-06-30 21:09:49','2014-05-15 08:43:58'),(38,'Name','2020-08-28 04:53:59','2017-03-27 12:32:52'),(39,'Brionna','2019-10-15 20:26:45','2018-08-04 15:34:31'),(40,'Saul','2019-12-12 10:04:51','2017-07-07 21:18:21'),(41,'Charlene','2020-07-08 06:19:26','2015-07-18 05:10:36'),(42,'Perry','2019-11-29 16:00:06','2020-08-29 05:57:18'),(43,'Caleigh','2020-02-12 23:36:11','2020-03-18 15:50:17'),(44,'Name','2020-06-23 04:05:55','2011-12-01 08:44:26'),(45,'Christa','2020-07-20 10:38:48','2011-08-07 22:47:58'),(46,'Damian','2020-02-22 18:08:50','2013-12-01 16:49:35'),(47,'Bryon','2020-05-19 17:55:40','2013-10-25 03:55:11'),(48,'Morgan','2020-04-30 05:36:53','2017-05-11 09:01:55'),(49,'Ahmed','2020-05-12 22:43:21','2020-08-24 16:43:44'),(50,'Ansley','2020-01-08 10:55:08','2019-04-30 01:48:53'),(51,'Yoshiko','2019-12-18 18:08:55','2018-01-15 20:04:11'),(52,'Marcellus','2020-03-02 09:47:37','2015-10-01 07:43:40'),(53,'Oma','2019-11-03 21:01:55','2016-07-26 20:35:20'),(54,'Amya','2020-04-19 18:20:44','2013-09-08 17:19:51'),(55,'Chelsie','2020-06-18 11:40:00','2011-09-18 15:37:41'),(56,'Golda','2019-10-01 03:53:40','2018-03-03 23:50:43'),(57,'Audra','2020-05-28 10:55:50','2012-07-04 22:28:24'),(58,'Fletcher','2020-07-18 16:24:38','2013-12-19 04:17:25'),(59,'Aurelie','2020-01-06 07:46:11','2016-08-05 02:20:22'),(60,'Idell','2020-05-04 19:49:23','2011-01-02 19:44:21'),(61,'Linwood','2019-11-02 15:30:25','2019-02-13 17:32:22'),(62,'Julie','2020-02-29 07:27:54','2013-03-12 07:16:49'),(63,'Rex','2020-01-08 23:48:04','2020-06-18 09:44:14'),(64,'Mauricio','2019-10-03 02:15:38','2014-06-17 19:48:34'),(65,'Ernie','2020-01-17 06:24:41','2018-10-30 02:50:02'),(66,'Kory','2020-05-20 15:07:33','2013-11-18 09:21:30'),(67,'Dagmar','2020-02-18 00:47:34','2011-04-10 02:01:37'),(68,'Deshawn','2020-02-08 08:04:59','2011-08-31 20:02:38'),(69,'Kiley','2020-02-10 12:49:25','2015-02-18 18:38:37'),(70,'Maximillia','2019-09-20 08:58:49','2015-03-16 14:51:36'),(71,'Maida','2019-09-18 07:10:08','2018-05-16 16:17:02'),(72,'Letitia','2019-12-04 14:25:05','2014-08-14 06:03:40'),(73,'Austen','2020-07-11 07:27:23','2012-06-22 01:40:16'),(74,'Rickie','2020-02-06 02:57:29','2014-04-24 05:15:22'),(75,'Brooke','2019-10-26 15:12:57','2019-04-20 01:03:09'),(76,'Nicholaus','2019-11-14 21:58:50','2011-03-09 07:32:05'),(77,'Hilbert','2020-03-17 01:56:16','2019-12-11 10:16:21'),(78,'Kelsi','2020-06-06 03:03:11','2015-08-16 21:45:59'),(79,'Nico','2019-09-28 19:22:21','2012-05-26 18:09:23'),(80,'Heber','2020-05-13 19:15:17','2012-07-19 17:47:39'),(81,'Oleta','2019-09-11 12:07:50','2019-04-03 08:12:54'),(82,'Marina','2019-11-26 14:17:41','2016-10-28 15:23:04'),(83,'Pearlie','2020-01-31 17:31:00','2020-02-15 14:20:16'),(84,'Kurt','2020-04-06 16:49:26','2017-02-09 07:48:17'),(85,'Reanna','2020-06-04 07:13:24','2020-03-05 11:29:09'),(86,'Donnie','2019-11-14 22:20:07','2020-08-01 01:47:59'),(87,'Sydni','2019-11-10 19:57:21','2014-01-22 13:56:25'),(88,'Eulah','2020-07-29 22:06:47','2013-11-17 16:20:15'),(89,'Alysha','2019-12-26 10:07:30','2018-09-03 10:59:01'),(90,'Alessia','2019-11-01 05:38:06','2010-12-15 08:00:02'),(91,'Xander','2019-10-18 21:31:35','2020-07-13 12:42:50'),(92,'Lowell','2020-03-22 17:23:11','2012-01-05 04:41:03'),(93,'Lexie','2019-11-16 06:00:07','2017-09-10 04:53:15'),(94,'Eulalia','2020-05-02 15:50:05','2013-01-18 11:42:10'),(95,'Arnulfo','2020-05-21 19:34:51','2017-09-16 10:41:29'),(96,'Floy','2020-06-16 20:16:40','2016-01-10 23:10:14'),(97,'Lupe','2020-08-21 19:26:27','2015-03-18 05:30:46'),(98,'Vallie','2020-05-14 14:09:05','2018-11-20 18:52:41'),(99,'Shany','2020-06-06 23:25:37','2019-09-09 19:40:25'),(100,'Krista','2020-02-01 11:40:52','2017-12-07 22:38:11');
/*!40000 ALTER TABLE `users` ENABLE KEYS */;
UNLOCK TABLES;
/*!40103 SET TIME_ZONE=@OLD_TIME_ZONE */;

/*!40101 SET SQL_MODE=@OLD_SQL_MODE */;
/*!40014 SET FOREIGN_KEY_CHECKS=@OLD_FOREIGN_KEY_CHECKS */;
/*!40014 SET UNIQUE_CHECKS=@OLD_UNIQUE_CHECKS */;
/*!40101 SET CHARACTER_SET_CLIENT=@OLD_CHARACTER_SET_CLIENT */;
/*!40101 SET CHARACTER_SET_RESULTS=@OLD_CHARACTER_SET_RESULTS */;
/*!40101 SET COLLATION_CONNECTION=@OLD_COLLATION_CONNECTION */;
/*!40111 SET SQL_NOTES=@OLD_SQL_NOTES */;

-- Dump completed on 2020-09-09 13:22:08
